ticker,timestamp,open,high,low,close,volume
AAPL,1788940800,316.89,317.96,316.5,316.73,91706
AAPL,1788941700,316.66,316.83,316.38,316.42,19513
AAPL,1788942600,316.42,316.6,316.2,316.2,18497
AAPL,1788943500,316.21,316.33,316.0,316.0,25557
AAPL,1788944400,316.0,316.31,316.0,316.28,17152
AAPL,1788945300,316.22,316.28,315.99,316.13,17021
AAPL,1788946200,316.05,316.15,315.75,315.88,20558
AAPL,1788947100,315.85,315.99,315.5,315.75,11345
AAPL,1788948000,315.62,316.07,315.61,315.99,18214
AAPL,1788948900,315.96,316.61,315.94,316.11,11982
AAPL,1788949800,316.06,316.06,315.58,315.66,16661
AAPL,1788950700,315.66,315.83,315.25,315.42,18394
AAPL,1788951600,315.3,315.4,315.03,315.16,37385
AAPL,1788952500,315.17,315.73,315.06,315.58,22053
AAPL,1788953400,315.57,315.58,315.18,315.28,18087
AAPL,1788954300,315.28,315.66,315.11,315.17,21478
AAPL,1788955200,315.23,315.4,314.95,315.0,36532
AAPL,1788956100,314.91,315.26,314.73,315.14,37670
AAPL,1788957000,315.09,315.47,315.0,315.2,17706
AAPL,1788957900,315.25,315.35,314.9,315.16,39258
AAPL,1788958800,315.11,315.39,315.01,315.25,37077
AAPL,1788959700,315.18,315.69,314.81,315.44,58692
AAPL,1788960600,315.49,316.21,315.02,315.85,2250083
AAPL,1788961500,315.85,318.0,315.5,317.87,1655014
AAPL,1788962400,317.86,318.13,315.51,315.54,1732848
AAPL,1788963300,315.55,315.69,314.33,314.75,1553709
AAPL,1788964200,314.71,314.72,312.95,313.24,1484651
AAPL,1788965100,313.22,313.75,313.1,313.38,1170729
AAPL,1788966000,313.39,313.42,312.17,312.23,1498321
AAPL,1788966900,312.23,312.76,312.11,312.5,1085465
AAPL,1788967800,312.5,313.59,312.22,313.29,1444405
AAPL,1788968700,313.28,313.6,312.92,313.18,971565
AAPL,1788969600,313.17,313.5,312.86,313.38,715470
AAPL,1788970500,313.37,313.71,313.24,313.67,1559989
AAPL,1788971400,313.67,314.38,313.44,314.34,920254
AAPL,1788972300,314.33,314.37,313.58,314.01,1004903
AAPL,1788973200,314.0,315.0,312.31,312.86,2985759
AAPL,1788974100,312.83,313.11,310.97,311.74,3065241
AAPL,1788975000,311.74,313.34,311.05,312.52,2739366
AAPL,1788975900,312.51,314.36,312.13,313.25,3083490
AAPL,1788976800,313.25,313.79,310.05,310.05,3136041
AAPL,1788977700,310.06,313.43,309.9,312.13,5212489
AAPL,1788978600,312.13,314.28,311.95,314.12,1571364
AAPL,1788979500,314.11,319.15,313.76,316.67,6623804
AAPL,1788980400,316.68,317.2,315.14,315.86,3167806
AAPL,1788981300,315.88,316.36,315.16,315.57,1524927
AAPL,1788982200,315.58,315.89,314.88,315.77,1559119
AAPL,1788983100,315.76,315.94,315.02,315.42,3409992
AAPL,1788984000,315.34,316.05,315.22,315.83,476345
AAPL,1788984900,315.83,316.1,315.34,315.92,99650
AAPL,1788985800,315.95,316.0,315.34,315.86,102347
AAPL,1788986700,315.87,316.0,315.86,315.94,42796
AAPL,1788987600,315.91,315.98,315.88,315.92,18226
AAPL,1788988500,315.95,315.98,315.87,315.88,10664
AAPL,1788989400,315.85,316.18,315.85,316.18,37216
AAPL,1788990300,316.17,317.6,316.17,317.38,148213
AAPL,1788991200,317.3,317.5,316.9,317.03,47581
AAPL,1788992100,317.0,317.55,316.81,317.52,37548
AAPL,1788993000,317.48,317.65,317.3,317.48,47879
AAPL,1788993900,317.35,317.64,317.28,317.6,33964
AAPL,1788994800,317.63,317.69,317.2,317.27,23858
AAPL,1788995700,317.27,317.98,317.27,317.98,34100
AAPL,1788996600,317.94,318.2,317.8,318.14,51365
AAPL,1788997500,318.15,318.16,317.56,318.1,35776
AAPL,1789027200,317.5,318.1,316.75,318.1,134277
AAPL,1789028100,318.1,318.87,317.86,318.8,50920
AAPL,1789029000,318.67,318.95,318.51,318.7,40035
AAPL,1789029900,318.7,319.5,318.7,319.5,49953
AAPL,1789030800,319.5,319.5,318.63,318.89,33250
AAPL,1789031700,318.99,319.0,318.42,318.45,20377
AAPL,1789032600,318.42,318.96,318.31,318.96,19938
AAPL,1789033500,319.0,319.1,318.62,318.83,22123
AAPL,1789034400,318.95,319.11,318.8,318.81,18411
AAPL,1789035300,318.99,319.15,318.73,319.12,15949
AAPL,1789036200,319.07,320.0,318.89,319.62,50422
AAPL,1789037100,319.6,319.65,319.01,319.03,58509
AAPL,1789038000,319.05,319.32,318.52,318.8,62854
AAPL,1789038900,318.87,318.9,318.26,318.26,38726
AAPL,1789039800,318.32,318.6,318.03,318.11,47777
AAPL,1789040700,318.1,318.22,317.06,317.67,101817
AAPL,1789041600,317.7,318.32,317.6,318.07,70503
AAPL,1789042500,318.07,318.29,317.38,317.85,53154
AAPL,1789043400,317.82,317.9,316.4,316.55,144634
AAPL,1789044300,316.54,317.45,316.2,316.65,157766
AAPL,1789045200,316.65,317.5,316.65,317.29,109393
AAPL,1789046100,317.26,317.69,316.0,316.57,154825
AAPL,1789047000,316.67,323.13,316.51,319.94,8018116
AAPL,1789047900,319.94,321.18,317.84,318.93,2898887
AAPL,1789048800,318.84,320.0,318.11,319.34,2171820
AAPL,1789049700,319.31,320.0,318.75,318.95,1254989
AAPL,1789050600,319.01,320.85,318.87,320.05,1636864
AAPL,1789051500,320.06,323.19,319.79,323.01,2772610
AAPL,1789052400,323.04,323.37,321.77,321.94,2429486
AAPL,1789053300,321.92,323.82,321.59,323.71,1874582
AAPL,1789054200,323.67,324.35,322.38,322.49,2759939
AAPL,1789055100,322.46,322.63,319.21,319.57,3229742
AAPL,1789056000,319.56,320.49,319.2,320.13,1935735
AAPL,1789056900,320.13,321.92,319.96,321.9,1702118
AAPL,1789057800,321.86,324.73,321.26,324.48,2790858
AAPL,1789058700,324.49,324.83,323.03,323.36,2619800
AAPL,1789059600,323.35,323.99,322.85,323.55,1297300
AAPL,1789060500,323.56,324.87,323.42,324.82,1672929
AAPL,1789061400,324.84,325.68,324.35,325.44,2668863
AAPL,1789062300,325.44,325.65,324.95,325.01,1409855
AAPL,1789063200,325.02,325.19,323.45,323.65,1562872
AAPL,1789064100,323.65,324.47,323.38,324.12,1203716
AAPL,1789065000,324.11,324.56,323.63,324.4,930497
AAPL,1789065900,324.4,325.5,324.21,325.37,1316639
AAPL,1789066800,325.38,325.88,324.94,325.79,1603268
AAPL,1789067700,325.79,326.12,325.19,325.29,1605045
AAPL,1789068600,325.27,325.83,325.17,325.4,1438941
AAPL,1789069500,325.37,326.74,325.17,326.6,4141634
AAPL,1789070400,326.52,326.72,326.29,326.49,424920
AAPL,1789071300,326.5,326.57,326.42,326.44,71063
AAPL,1789072200,326.44,326.57,326.0,326.11,131261
AAPL,1789073100,326.1,326.2,325.9,325.93,51738
AAPL,1789074000,325.92,326.57,325.85,325.86,23854
AAPL,1789074900,325.9,325.98,325.85,325.94,17681
AAPL,1789075800,325.9,326.1,325.85,326.05,16917
AAPL,1789076700,326.0,326.31,326.0,326.22,12853
AAPL,1789077600,326.26,326.44,326.21,326.39,13696
AAPL,1789078500,326.36,326.49,326.22,326.22,13524
AAPL,1789079400,326.26,326.26,326.05,326.2,7851
AAPL,1789080300,326.09,326.3,326.0,326.02,8770
AAPL,1789081200,326.02,326.15,326.0,326.08,8567
AAPL,1789082100,326.0,326.07,325.75,325.75,15791
AAPL,1789083000,325.75,325.9,325.67,325.9,9462
AAPL,1789083900,325.91,325.98,325.75,325.8,20612
AAPL,1789113600,325.85,326.7,325.5,325.93,104202
AAPL,1789114500,325.91,326.5,325.88,326.02,6451
AAPL,1789115400,326.01,326.2,325.13,325.2,14622
AAPL,1789116300,325.18,326.0,325.13,325.75,8029
AAPL,1789117200,325.75,326.2,325.67,325.67,6027
AAPL,1789118100,325.63,325.73,325.26,325.4,14946
AAPL,1789119000,325.5,325.65,325.32,325.58,4248
AAPL,1789119900,325.7,326.0,325.65,325.82,6909
AAPL,1789120800,325.96,325.96,325.7,325.74,6015
AAPL,1789121700,325.83,325.94,325.7,325.75,4719
AAPL,1789122600,325.68,326.32,325.68,326.21,9985
AAPL,1789123500,326.14,326.2,326.04,326.1,4314
AAPL,1789124400,326.13,326.46,326.1,326.44,37718
AAPL,1789125300,326.4,326.57,326.26,326.53,19605
AAPL,1789126200,326.52,326.74,326.42,326.73,28030
AAPL,1789127100,326.68,326.79,326.59,326.72,13605
AAPL,1789128000,326.68,327.39,326.0,326.5,36628
AAPL,1789128900,326.47,326.57,325.8,326.49,65754
AAPL,1789129800,326.5,326.57,324.5,325.42,127966
AAPL,1789130700,325.37,326.3,325.31,326.23,60871
AAPL,1789131600,326.07,326.77,326.06,326.3,65570
AAPL,1789132500,326.32,327.7,325.77,327.63,166732
AAPL,1789133400,327.45,334.27,326.3,333.35,7271276
AAPL,1789134300,333.39,333.76,331.01,332.47,2689869
AAPL,1789135200,332.4,332.93,331.66,331.7,1549627
AAPL,1789136100,331.74,334.59,331.66,334.09,2193079
AAPL,1789137000,334.09,334.91,332.42,334.7,2645308
AAPL,1789137900,334.71,335.43,334.21,334.98,2772719
AAPL,1789138800,335.0,336.22,334.94,335.54,2147642
AAPL,1789139700,335.51,336.16,335.08,335.57,1453255
AAPL,1789140600,335.54,335.54,334.62,334.79,1315948
AAPL,1789141500,334.79,334.85,333.69,333.92,1273194
AAPL,1789142400,333.95,334.77,333.63,334.69,1137539
AAPL,1789143300,334.67,334.84,333.96,334.17,1013108
AAPL,1789144200,334.17,334.44,333.93,334.13,747538
AAPL,1789145100,334.15,334.83,333.93,334.75,717154
AAPL,1789146000,334.75,334.85,334.12,334.35,573519
AAPL,1789146900,334.36,334.47,333.82,333.95,542180
AAPL,1789147800,333.96,334.3,333.13,333.21,875969
AAPL,1789148700,333.22,333.47,332.74,333.38,1059943
AAPL,1789149600,333.38,333.83,332.57,332.8,1044405
AAPL,1789150500,332.82,333.06,332.55,332.87,592837
AAPL,1789151400,332.86,333.19,332.73,332.9,705606
AAPL,1789152300,332.9,333.05,332.39,332.52,901992
AAPL,1789153200,332.51,333.0,332.4,332.56,881567
AAPL,1789154100,332.56,332.93,332.48,332.64,1673479
AAPL,1789155000,332.68,333.07,332.46,332.64,936788
AAPL,1789155900,332.63,332.89,332.06,332.23,2689747
AAPL,1789156800,332.27,332.63,332.11,332.54,681943
AAPL,1789157700,332.5,332.67,332.35,332.54,49026
AAPL,1789158600,332.55,332.6,332.27,332.46,108164
AAPL,1789159500,332.44,332.8,332.44,332.72,39092
AAPL,1789160400,332.69,332.69,332.46,332.6,7886
AAPL,1789161300,332.59,332.6,332.48,332.51,11652
AAPL,1789162200,332.52,332.52,332.45,332.45,4036
AAPL,1789163100,332.5,332.5,332.45,332.49,1921
AAPL,1789164000,332.5,332.75,332.49,332.6,7540
AAPL,1789164900,332.58,332.73,332.55,332.55,3521
AAPL,1789165800,332.61,332.7,332.51,332.6,14326
AAPL,1789166700,332.62,332.64,332.51,332.55,5310
AAPL,1789167600,332.55,332.55,332.51,332.55,2154
AAPL,1789168500,332.54,332.6,332.51,332.52,6917
AAPL,1789169400,332.52,332.55,332.51,332.54,9041
AAPL,1789170300,332.54,332.6,332.52,332.58,15157
AAPL,1789372800,330.01,332.0,328.75,331.71,111562
AAPL,1789373700,331.8,331.9,331.08,331.11,14000
AAPL,1789374600,331.05,331.05,330.38,330.47,15405
AAPL,1789375500,330.48,331.03,330.12,331.03,17814
AAPL,1789376400,331.1,331.27,330.25,330.25,12631
AAPL,1789377300,330.24,330.92,330.12,330.87,14586
AAPL,1789378200,330.87,331.38,330.85,331.33,13819
AAPL,1789379100,331.15,331.6,331.11,331.29,9787
AAPL,1789380000,331.2,331.65,331.11,331.43,9358
AAPL,1789380900,331.61,331.88,331.41,331.76,14116
AAPL,1789381800,331.74,331.81,331.35,331.35,7702
AAPL,1789382700,331.37,332.89,331.31,332.55,54715
AAPL,1789383600,332.55,334.0,332.5,333.31,93503
AAPL,1789384500,333.32,334.24,333.04,333.5,94602
AAPL,1789385400,333.5,333.89,333.35,333.84,40208
AAPL,1789386300,333.78,333.88,333.13,333.25,24829
AAPL,1789387200,333.26,333.31,332.15,332.54,65924
AAPL,1789388100,332.54,333.1,332.31,332.45,43153
AAPL,1789389000,332.4,332.61,331.8,332.35,48061
AAPL,1789389900,332.49,333.7,332.35,333.61,70846
AAPL,1789390800,333.67,334.0,333.22,333.85,73268
AAPL,1789391700,333.78,335.38,333.45,334.75,176994
AAPL,1789392600,334.79,334.83,331.34,332.5,3718445
AAPL,1789393500,332.46,335.08,332.03,333.94,2763055
AAPL,1789394400,333.94,334.64,333.41,333.51,1275725
AAPL,1789395300,333.52,333.57,332.47,333.19,1164783
AAPL,1789396200,333.18,333.47,332.42,332.97,1141316
AAPL,1789397100,332.96,333.2,332.12,332.93,1170415
AAPL,1789398000,332.98,333.46,332.42,332.71,869536
AAPL,1789398900,332.72,333.13,332.33,332.66,731180
AAPL,1789399800,332.65,334.65,332.64,334.39,1355280
AAPL,1789400700,334.4,335.5,334.4,335.04,1398918
AAPL,1789401600,335.06,335.49,334.45,334.9,898752
AAPL,1789402500,334.91,335.04,334.31,334.58,689506
AAPL,1789403400,334.59,334.99,334.1,334.89,665037
AAPL,1789404300,334.88,335.26,334.54,334.86,749854
AAPL,1789405200,334.86,335.21,334.19,334.8,744838
AAPL,1789406100,334.78,334.81,334.0,334.61,567403
AAPL,1789407000,334.62,334.71,334.26,334.56,409428
AAPL,1789407900,334.56,334.66,333.81,333.88,597919
AAPL,1789408800,333.88,334.16,333.56,334.14,515533
AAPL,1789409700,334.15,334.54,334.04,334.49,440776
AAPL,1789410600,334.49,334.61,333.48,334.53,964663
AAPL,1789411500,334.54,334.76,334.12,334.14,692704
AAPL,1789412400,334.17,335.38,333.84,335.25,1198373
AAPL,1789413300,335.24,335.42,334.29,334.4,1055012
AAPL,1789414200,334.4,334.59,333.93,333.93,946654
AAPL,1789415100,333.94,334.41,333.0,333.05,3237751
AAPL,1789416000,333.08,333.29,332.88,333.03,728686
AAPL,1789416900,333.02,333.04,332.82,332.92,145525
AAPL,1789417800,332.92,333.08,332.82,333.08,29904
AAPL,1789418700,332.88,333.0,332.82,332.9,6923
AAPL,1789419600,332.89,333.0,332.76,332.9,31990
AAPL,1789420500,332.9,332.98,332.81,332.83,4004
AAPL,1789421400,332.81,332.86,332.79,332.79,2742
AAPL,1789422300,332.78,332.82,332.76,332.8,2799
AAPL,1789423200,332.81,332.9,332.6,332.65,4318
AAPL,1789424100,332.69,332.69,332.48,332.5,9110
AAPL,1789425000,332.51,332.6,332.38,332.5,2742
AAPL,1789425900,332.39,332.5,332.37,332.47,5647
AAPL,1789426800,332.42,332.5,332.37,332.49,7821
AAPL,1789427700,332.43,332.43,332.1,332.28,5295
AAPL,1789428600,332.21,332.48,332.2,332.2,6000
AAPL,1789429500,332.21,332.38,332.11,332.21,6458
AAPL,1789459200,331.08,331.65,330.09,331.31,86249
AAPL,1789460100,331.2,331.29,330.63,331.04,14466
AAPL,1789461000,330.95,331.19,330.95,330.95,2200
AAPL,1789461900,331.03,331.05,330.75,330.82,4375
AAPL,1789462800,330.75,330.82,330.56,330.56,7939
AAPL,1789463700,330.65,330.73,330.58,330.73,4295
AAPL,1789464600,330.71,330.9,330.64,330.81,6106
AAPL,1789465500,330.66,330.82,330.6,330.75,5051
AAPL,1789466400,330.78,330.82,330.46,330.47,5535
AAPL,1789467300,330.46,330.59,330.09,330.57,34837
AAPL,1789468200,330.37,330.6,330.37,330.49,2766
AAPL,1789469100,330.45,331.0,330.45,331.0,6492
AAPL,1789470000,331.06,331.24,330.5,331.09,24220
AAPL,1789470900,331.02,331.2,330.82,331.07,12423
AAPL,1789471800,330.94,331.14,330.8,331.09,6150
AAPL,1789472700,331.11,331.49,331.0,331.3,14859
AAPL,1789473600,331.37,331.8,331.24,331.65,16655
AAPL,1789474500,331.59,331.65,331.26,331.28,13295
AAPL,1789475400,331.23,331.39,331.08,331.2,12512
AAPL,1789476300,331.21,331.51,331.07,331.45,17351
AAPL,1789477200,331.44,331.52,331.13,331.37,23672
AAPL,1789478100,331.37,331.81,329.76,330.19,108926
AAPL,1789479000,330.13,331.5,328.35,330.31,2287167
AAPL,1789479900,330.33,331.59,330.02,330.71,1428767
AAPL,1789480800,330.74,330.74,329.41,329.76,1610438
AAPL,1789481700,329.78,330.27,329.29,329.55,809130
AAPL,1789482600,329.45,329.98,328.87,329.53,1063734
AAPL,1789483500,329.52,330.3,329.42,329.76,932013
AAPL,1789484400,329.79,330.1,329.05,329.52,662886
AAPL,1789485300,329.5,330.33,329.26,329.91,1947120
AAPL,1789486200,329.92,330.01,329.34,329.9,564899
AAPL,1789487100,329.9,330.04,329.29,329.61,514123
AAPL,1789488000,329.61,330.43,329.5,330.11,575226
AAPL,1789488900,330.1,330.87,330.0,330.42,532826
AAPL,1789489800,330.4,330.63,329.77,329.92,565991
AAPL,1789490700,329.93,330.19,329.42,329.54,479888
AAPL,1789491600,329.53,329.96,329.48,329.84,635282
AAPL,1789492500,329.81,330.06,329.65,330.03,357391
AAPL,1789493400,330.04,330.57,330.04,330.52,441837
AAPL,1789494300,330.52,330.78,330.23,330.42,436895
AAPL,1789495200,330.42,330.83,330.32,330.68,448261
AAPL,1789496100,330.68,330.74,330.15,330.41,407811
AAPL,1789497000,330.4,330.5,330.09,330.3,468620
AAPL,1789497900,330.3,330.55,330.05,330.52,450978
AAPL,1789498800,330.51,330.59,330.11,330.18,446278
AAPL,1789499700,330.19,330.29,329.83,330.25,690937
AAPL,1789500600,330.24,330.37,329.85,330.26,933354
AAPL,1789501500,330.27,331.78,330.07,331.33,3499341
AAPL,1789502400,331.34,331.75,330.54,331.73,335107
AAPL,1789503300,331.68,331.74,331.4,331.53,8546
AAPL,1789504200,331.54,331.7,331.34,331.59,15676
AAPL,1789505100,331.69,331.78,331.61,331.72,6556
AAPL,1789506000,331.73,331.73,331.66,331.7,9066
AAPL,1789506900,331.64,331.71,331.63,331.63,3127
AAPL,1789507800,331.61,331.65,331.59,331.63,3258
AAPL,1789508700,331.63,331.65,331.6,331.63,2573
AAPL,1789509600,331.7,331.89,331.7,331.7,13948
AAPL,1789510500,331.58,331.85,331.58,331.71,2957
AAPL,1789511400,331.72,331.87,331.66,331.82,11005
AAPL,1789512300,331.84,331.9,331.75,331.86,7774
AAPL,1789513200,331.87,331.88,331.7,331.88,3860
AAPL,1789514100,331.75,331.88,331.75,331.88,1666
AAPL,1789515000,331.79,332.1,331.79,332.01,16081
AAPL,1789515900,332.09,332.1,331.9,332.0,4375
NVDA,1788940800,225.5,226.4,225.5,226.11,220602
NVDA,1788941700,226.09,226.4,226.0,226.38,52078
NVDA,1788942600,226.31,226.35,225.85,225.91,34869
NVDA,1788943500,225.91,226.2,225.85,226.1,23233
NVDA,1788944400,226.07,226.09,225.86,226.0,28459
NVDA,1788945300,225.95,225.96,225.65,225.83,23656
NVDA,1788946200,225.84,225.85,225.3,225.34,44487
NVDA,1788947100,225.32,225.42,224.1,224.24,138317
NVDA,1788948000,224.25,224.57,223.95,224.32,86530
NVDA,1788948900,224.27,224.6,224.09,224.5,78855
NVDA,1788949800,224.47,224.95,224.26,224.38,47953
NVDA,1788950700,224.36,224.55,224.17,224.39,60015
NVDA,1788951600,224.39,224.9,224.2,224.59,188831
NVDA,1788952500,224.56,224.82,224.3,224.67,108854
NVDA,1788953400,224.65,224.95,224.5,224.78,90941
NVDA,1788954300,224.8,225.35,224.72,224.89,114684
NVDA,1788955200,224.88,224.9,224.34,224.34,102937
NVDA,1788956100,224.37,224.79,224.36,224.5,82896
NVDA,1788957000,224.45,224.7,224.4,224.62,92582
NVDA,1788957900,224.62,224.79,224.51,224.61,67079
NVDA,1788958800,224.58,224.88,224.51,224.65,92557
NVDA,1788959700,224.67,225.32,224.28,225.31,222850
NVDA,1788960600,225.28,226.18,224.56,224.77,6535490
NVDA,1788961500,224.78,225.35,224.4,224.85,4419510
NVDA,1788962400,224.85,224.9,223.82,224.25,4427760
NVDA,1788963300,224.25,225.39,223.55,224.88,4623772
NVDA,1788964200,224.88,225.38,224.13,224.46,3408354
NVDA,1788965100,224.46,224.77,224.08,224.47,2482336
NVDA,1788966000,224.47,224.82,224.17,224.29,2768104
NVDA,1788966900,224.3,224.62,223.51,223.59,4816187
NVDA,1788967800,223.6,224.63,223.58,224.18,2537235
NVDA,1788968700,224.18,224.47,224.12,224.44,1622557
NVDA,1788969600,224.44,224.51,223.86,223.89,1512794
NVDA,1788970500,223.88,223.97,223.69,223.86,1569648
NVDA,1788971400,223.86,224.18,223.75,224.16,1102952
NVDA,1788972300,224.16,224.41,224.02,224.06,1220336
NVDA,1788973200,224.05,224.49,223.91,224.41,1254579
NVDA,1788974100,224.41,224.41,224.19,224.27,960923
NVDA,1788975000,224.27,224.38,224.05,224.33,1055779
NVDA,1788975900,224.33,224.39,224.12,224.24,1016820
NVDA,1788976800,224.24,224.42,224.05,224.12,1047554
NVDA,1788977700,224.12,224.26,223.9,224.19,1157434
NVDA,1788978600,224.19,224.25,224.09,224.16,851031
NVDA,1788979500,224.15,224.21,223.63,223.67,1496932
NVDA,1788980400,223.68,224.18,223.46,223.62,2459720
NVDA,1788981300,223.62,224.38,223.57,224.13,2127758
NVDA,1788982200,224.14,224.24,223.74,223.83,2098171
NVDA,1788983100,223.82,224.03,223.5,223.7,6451888
NVDA,1788984000,223.78,224.0,223.61,223.77,716881
NVDA,1788984900,223.78,223.79,223.65,223.79,84946
NVDA,1788985800,223.75,223.76,223.7,223.72,41787
NVDA,1788986700,223.72,223.72,223.63,223.68,46543
NVDA,1788987600,223.68,223.72,223.65,223.65,20890
NVDA,1788988500,223.65,223.68,223.62,223.65,22146
NVDA,1788989400,223.66,223.68,223.6,223.6,18609
NVDA,1788990300,223.61,223.63,223.51,223.57,3382161
NVDA,1788991200,223.6,223.65,223.47,223.58,38305
NVDA,1788992100,223.48,223.56,223.47,223.47,48141
NVDA,1788993000,223.49,223.66,223.46,223.6,30233
NVDA,1788993900,223.65,223.65,223.51,223.53,21679
NVDA,1788994800,223.53,223.56,223.5,223.53,19956
NVDA,1788995700,223.53,223.59,223.5,223.5,25972
NVDA,1788996600,223.51,223.53,223.46,223.5,25379
NVDA,1788997500,223.53,223.67,223.47,223.67,39229
NVDA,1789027200,223.1,223.45,222.7,223.01,230868
NVDA,1789028100,223.0,223.6,222.87,223.42,52823
NVDA,1789029000,223.39,223.59,223.22,223.22,43942
NVDA,1789029900,223.29,223.32,223.09,223.22,11697
NVDA,1789030800,223.17,223.46,223.17,223.45,24923
NVDA,1789031700,223.44,223.55,223.4,223.55,46384
NVDA,1789032600,223.41,223.45,223.03,223.21,22878
NVDA,1789033500,223.24,223.41,223.22,223.26,17798
NVDA,1789034400,223.22,223.39,223.18,223.2,8915
NVDA,1789035300,223.27,223.27,223.1,223.12,12613
NVDA,1789036200,223.18,223.2,222.75,223.0,46814
NVDA,1789037100,223.05,223.2,222.75,223.03,27590
NVDA,1789038000,222.98,223.17,222.56,222.65,118455
NVDA,1789038900,222.83,222.83,222.46,222.56,79295
NVDA,1789039800,222.58,222.75,222.45,222.5,51716
NVDA,1789040700,222.5,222.5,222.08,222.26,126960
NVDA,1789041600,222.22,222.49,221.8,222.2,226133
NVDA,1789042500,222.26,222.26,221.7,222.05,171183
NVDA,1789043400,221.9,222.2,220.77,220.86,465792
NVDA,1789044300,220.9,223.42,220.23,220.25,1473004
NVDA,1789045200,220.28,220.8,220.28,220.6,358526
NVDA,1789046100,220.58,221.17,220.22,220.56,542970
NVDA,1789047000,220.53,220.99,218.29,218.31,10747652
NVDA,1789047900,218.31,218.9,217.2,217.38,6503003
NVDA,1789048800,217.39,218.43,217.29,217.99,4344428
NVDA,1789049700,217.98,219.06,217.85,218.23,4396646
NVDA,1789050600,218.23,218.52,217.97,218.33,3354444
NVDA,1789051500,218.32,218.57,217.76,218.15,3427768
NVDA,1789052400,218.15,218.59,217.93,218.33,2964601
NVDA,1789053300,218.32,218.5,217.8,218.15,2363551
NVDA,1789054200,218.14,219.0,218.01,218.74,2900445
NVDA,1789055100,218.74,219.12,218.5,218.78,2095989
NVDA,1789056000,218.8,219.19,218.3,218.32,2900045
NVDA,1789056900,218.33,218.72,217.52,217.75,2946541
NVDA,1789057800,217.75,218.44,217.64,218.44,3377202
NVDA,1789058700,218.43,218.9,218.42,218.75,1553633
NVDA,1789059600,218.76,219.13,218.62,218.74,2000570
NVDA,1789060500,218.75,218.85,218.45,218.69,1318104
NVDA,1789061400,218.69,218.69,218.12,218.36,1635500
NVDA,1789062300,218.37,218.62,218.29,218.37,1159951
NVDA,1789063200,218.37,218.53,218.02,218.18,1277898
NVDA,1789064100,218.17,218.32,218.03,218.03,1112710
NVDA,1789065000,218.03,218.09,217.75,217.91,1691314
NVDA,1789065900,217.92,218.45,217.82,218.23,1755989
NVDA,1789066800,218.23,218.29,217.68,217.97,2144385
NVDA,1789067700,217.97,218.38,217.97,218.3,1932847
NVDA,1789068600,218.31,218.75,218.2,218.46,3811053
NVDA,1789069500,218.47,218.97,218.22,218.4,6580299
NVDA,1789070400,218.36,218.55,218.15,218.55,855310
NVDA,1789071300,218.56,218.65,218.45,218.51,177009
NVDA,1789072200,218.47,218.52,218.3,218.47,79980
NVDA,1789073100,218.45,218.49,218.32,218.41,50506
NVDA,1789074000,218.39,220.0,218.36,219.45,469707
NVDA,1789074900,219.34,219.42,218.77,218.84,115495
NVDA,1789075800,218.84,218.92,218.55,218.55,53164
NVDA,1789076700,218.64,218.83,218.38,218.77,3487409
NVDA,1789077600,218.73,218.9,218.69,218.83,45634
NVDA,1789078500,218.81,218.9,218.6,218.63,32347
NVDA,1789079400,218.65,218.65,218.35,218.37,51434
NVDA,1789080300,218.36,218.56,218.32,218.35,24370
NVDA,1789081200,218.39,218.45,218.25,218.35,32990
NVDA,1789082100,218.3,218.36,218.17,218.21,28638
NVDA,1789083000,218.26,218.31,218.1,218.1,41688
NVDA,1789083900,218.11,218.15,217.68,217.76,71207
NVDA,1789113600,220.0,220.09,217.8,219.54,410896
NVDA,1789114500,219.6,220.25,219.52,220.1,42883
NVDA,1789115400,220.1,220.3,220.05,220.12,42806
NVDA,1789116300,220.12,220.39,220.11,220.33,36176
NVDA,1789117200,220.3,220.56,219.84,220.05,68765
NVDA,1789118100,220.03,220.4,220.03,220.28,49442
NVDA,1789119000,220.3,220.31,220.11,220.11,19144
NVDA,1789119900,220.13,220.34,220.11,220.34,17967
NVDA,1789120800,220.3,220.5,220.16,220.33,43991
NVDA,1789121700,220.35,220.38,220.19,220.19,32116
NVDA,1789122600,220.19,220.27,220.15,220.16,23630
NVDA,1789123500,220.17,220.26,220.1,220.15,26970
NVDA,1789124400,220.13,220.19,219.59,219.82,147157
NVDA,1789125300,219.82,220.12,219.75,219.9,95103
NVDA,1789126200,219.92,220.03,219.75,219.84,71771
NVDA,1789127100,219.88,219.9,219.56,219.63,95422
NVDA,1789128000,219.65,219.8,219.1,219.25,260714
NVDA,1789128900,219.23,219.8,219.13,219.62,176148
NVDA,1789129800,219.6,219.92,218.34,219.92,2527532
NVDA,1789130700,219.89,221.53,219.81,221.3,630811
NVDA,1789131600,221.36,221.89,220.83,220.95,501924
NVDA,1789132500,220.96,221.47,220.71,221.29,270249
NVDA,1789133400,221.24,221.34,219.03,220.06,6813042
NVDA,1789134300,220.07,221.71,219.34,221.61,5507567
NVDA,1789135200,221.62,222.0,220.8,221.17,5031009
NVDA,1789136100,221.17,221.93,220.65,221.6,3798943
NVDA,1789137000,221.59,221.59,219.67,219.78,4513766
NVDA,1789137900,219.78,220.11,219.3,219.47,2877450
NVDA,1789138800,219.45,220.28,219.36,219.78,2143071
NVDA,1789139700,219.8,220.58,219.78,220.18,2355289
NVDA,1789140600,220.18,220.3,219.42,219.57,2853832
NVDA,1789141500,219.56,219.84,219.5,219.69,1477552
NVDA,1789142400,219.68,219.97,219.55,219.58,1514693
NVDA,1789143300,219.58,219.59,219.09,219.16,1699220
NVDA,1789144200,219.16,219.22,218.65,219.12,2126505
NVDA,1789145100,219.12,219.25,218.96,219.1,1310507
NVDA,1789146000,219.11,219.36,218.9,218.99,1894364
NVDA,1789146900,218.99,219.43,218.94,219.25,1297301
NVDA,1789147800,219.26,219.41,219.0,219.29,1232644
NVDA,1789148700,219.3,219.4,219.08,219.15,948180
NVDA,1789149600,219.14,219.25,219.03,219.2,799612
NVDA,1789150500,219.19,219.56,219.08,219.51,1325062
NVDA,1789151400,219.5,220.01,219.49,219.65,2280724
NVDA,1789152300,219.66,219.67,219.24,219.35,1335115
NVDA,1789153200,219.34,219.44,218.81,219.11,1966911
NVDA,1789154100,219.1,219.23,218.36,218.41,2007102
NVDA,1789155000,218.42,218.84,218.23,218.77,2840155
NVDA,1789155900,218.76,218.85,218.15,218.19,5018020
NVDA,1789156800,218.29,220.0,218.05,218.36,620727
NVDA,1789157700,218.31,218.4,218.3,218.37,54247
NVDA,1789158600,218.35,218.41,218.31,218.37,60537
NVDA,1789159500,218.38,218.4,218.35,218.38,1083051
NVDA,1789160400,218.36,218.4,218.3,218.34,24146
NVDA,1789161300,218.34,218.38,218.33,218.37,14455
NVDA,1789162200,218.36,218.38,218.36,218.38,15967
NVDA,1789163100,218.36,218.38,218.35,218.38,19828
NVDA,1789164000,218.36,218.38,218.34,218.36,30168
NVDA,1789164900,218.36,218.37,218.32,218.35,17192
NVDA,1789165800,218.33,218.35,218.12,218.19,70327
NVDA,1789166700,218.16,218.23,218.16,218.22,20147
NVDA,1789167600,218.23,218.28,218.21,218.25,12387
NVDA,1789168500,218.26,218.29,218.25,218.26,25050
NVDA,1789169400,218.27,218.29,218.25,218.26,29542
NVDA,1789170300,218.26,218.27,218.17,218.26,70144
NVDA,1789372800,213.07,215.04,213.07,213.71,633982
NVDA,1789373700,213.7,213.71,212.83,212.83,179353
NVDA,1789374600,212.89,213.08,212.8,212.89,87315
NVDA,1789375500,212.91,212.92,211.9,212.01,301958
NVDA,1789376400,211.99,212.24,211.25,211.48,161012
NVDA,1789377300,211.48,211.7,211.0,211.45,233879
NVDA,1789378200,211.5,211.97,211.46,211.76,91263
NVDA,1789379100,211.9,211.99,211.75,211.8,80195
NVDA,1789380000,211.94,211.96,211.54,211.77,109319
NVDA,1789380900,211.72,212.17,211.59,211.98,119710
NVDA,1789381800,211.98,212.24,211.87,212.1,81895
NVDA,1789382700,212.03,212.35,211.54,212.31,244534
NVDA,1789383600,212.3,212.45,212.05,212.17,913853
NVDA,1789384500,212.18,213.25,211.93,213.25,591974
NVDA,1789385400,213.28,213.35,213.0,213.15,457567
NVDA,1789386300,213.1,213.37,212.8,212.97,353843
NVDA,1789387200,212.87,213.05,212.54,212.8,398727
NVDA,1789388100,212.82,217.75,212.71,212.82,5145131
NVDA,1789389000,212.82,212.94,212.18,212.71,465096
NVDA,1789389900,212.72,212.79,212.0,212.05,302966
NVDA,1789390800,212.08,212.29,211.74,212.19,466526
NVDA,1789391700,212.16,212.6,211.1,211.22,610683
NVDA,1789392600,211.24,211.5,208.93,209.86,16588393
NVDA,1789393500,209.86,211.56,209.85,210.79,9101758
NVDA,1789394400,210.79,211.7,210.45,211.42,5888101
NVDA,1789395300,211.43,211.53,210.07,210.46,4588958
NVDA,1789396200,210.45,211.02,210.25,210.52,3663259
NVDA,1789397100,210.51,210.87,210.3,210.48,2736399
NVDA,1789398000,210.46,211.28,210.28,210.74,2917529
NVDA,1789398900,210.73,211.6,210.72,211.46,3052976
NVDA,1789399800,211.45,212.2,211.2,212.05,4059631
NVDA,1789400700,212.06,212.33,211.67,212.19,2631106
NVDA,1789401600,212.18,212.28,211.65,211.69,2150342
NVDA,1789402500,211.69,212.23,211.68,211.78,2042954
NVDA,1789403400,211.77,211.86,211.51,211.85,1542798
NVDA,1789404300,211.85,212.39,211.7,212.1,2107258
NVDA,1789405200,212.11,212.38,212.06,212.07,1433250
NVDA,1789406100,212.07,212.59,211.96,212.58,1777922
NVDA,1789407000,212.59,212.61,212.17,212.38,1495231
NVDA,1789407900,212.37,212.77,212.37,212.41,1766028
NVDA,1789408800,212.42,212.63,212.2,212.46,3305272
NVDA,1789409700,212.46,212.5,212.03,212.09,1513833
NVDA,1789410600,212.11,212.45,212.07,212.4,1540499
NVDA,1789411500,212.4,212.58,212.23,212.56,1462504
NVDA,1789412400,212.57,212.62,212.19,212.28,2786749
NVDA,1789413300,212.27,212.36,212.1,212.1,3708529
NVDA,1789414200,212.1,212.2,211.68,212.07,3409438
NVDA,1789415100,212.07,212.4,210.79,210.89,10202268
NVDA,1789416000,211.0,211.19,210.27,211.07,1391237
NVDA,1789416900,211.08,211.53,210.9,211.48,365824
NVDA,1789417800,211.51,212.35,210.96,212.35,452080
NVDA,1789418700,212.36,212.77,212.21,212.4,261948
NVDA,1789419600,212.32,212.39,212.12,212.19,69868
NVDA,1789420500,212.19,212.47,212.18,212.3,45740
NVDA,1789421400,212.34,212.35,212.18,212.2,30060
NVDA,1789422300,212.23,212.54,212.21,212.5,52920
NVDA,1789423200,212.54,212.58,212.36,212.48,56470
NVDA,1789424100,212.5,212.66,212.34,212.4,45812
NVDA,1789425000,212.35,212.4,212.18,212.21,54531
NVDA,1789425900,212.23,212.4,212.2,212.38,32845
NVDA,1789426800,212.28,212.4,212.2,212.35,25891
NVDA,1789427700,212.39,212.39,212.25,212.25,37296
NVDA,1789428600,212.25,212.28,212.11,212.18,47875
NVDA,1789429500,212.15,212.15,212.01,212.04,77740
NVDA,1789459200,212.0,212.57,210.99,211.23,366457
NVDA,1789460100,211.2,211.6,211.2,211.35,57062
NVDA,1789461000,211.34,211.35,211.2,211.33,24403
NVDA,1789461900,211.31,211.45,211.25,211.35,24826
NVDA,1789462800,211.37,211.55,211.25,211.48,33210
NVDA,1789463700,211.49,211.75,211.27,211.75,23353
NVDA,1789464600,211.74,211.89,211.55,211.8,21630
NVDA,1789465500,211.82,212.29,211.82,212.14,78046
NVDA,1789466400,212.19,212.4,212.18,212.27,27607
NVDA,1789467300,212.25,212.41,212.09,212.32,29085
NVDA,1789468200,212.37,212.47,212.26,212.4,37908
NVDA,1789469100,212.31,212.41,212.23,212.36,18442
NVDA,1789470000,212.36,212.62,212.35,212.51,181366
NVDA,1789470900,212.52,212.52,212.15,212.25,88746
NVDA,1789471800,212.27,212.28,212.01,212.22,70918
NVDA,1789472700,212.21,212.38,212.17,212.31,1905227
NVDA,1789473600,212.28,212.48,212.04,212.46,133283
NVDA,1789474500,212.49,212.75,212.23,212.25,222405
NVDA,1789475400,212.23,212.34,211.98,212.28,119457
NVDA,1789476300,212.32,212.95,212.32,212.55,230327
NVDA,1789477200,212.55,212.84,212.48,212.8,198572
NVDA,1789478100,212.78,213.49,212.27,213.49,468778
NVDA,1789479000,213.38,213.88,212.56,213.32,8776602
NVDA,1789479900,213.31,213.94,212.99,213.26,4741945
NVDA,1789480800,213.22,213.3,212.41,212.64,4650211
NVDA,1789481700,212.64,212.9,211.96,212.74,3187272
NVDA,1789482600,212.74,213.06,212.52,212.71,2720517
NVDA,1789483500,212.71,212.96,211.63,212.03,3083759
NVDA,1789484400,212.03,212.59,212.01,212.23,2032587
NVDA,1789485300,212.22,212.38,211.98,212.26,2525245
NVDA,1789486200,212.25,212.47,211.99,212.28,1595092
NVDA,1789487100,212.28,212.45,211.93,212.18,1829303
NVDA,1789488000,212.18,212.35,211.84,211.84,1560728
NVDA,1789488900,211.85,212.17,211.81,211.97,1587843
NVDA,1789489800,211.96,212.2,211.71,212.08,1390400
NVDA,1789490700,212.07,212.16,211.7,211.77,1373816
NVDA,1789491600,211.78,211.8,211.27,211.43,1923165
NVDA,1789492500,211.43,211.74,211.16,211.33,1618006
NVDA,1789493400,211.34,211.79,211.33,211.56,1425173
NVDA,1789494300,211.56,211.98,211.47,211.96,1561926
NVDA,1789495200,211.96,212.11,211.67,211.7,1689077
NVDA,1789496100,211.71,212.2,211.56,212.1,1316040
NVDA,1789497000,212.1,212.35,211.93,212.02,1492922
NVDA,1789497900,212.02,212.15,211.91,212.11,1293593
NVDA,1789498800,212.11,212.19,211.88,212.01,1239634
NVDA,1789499700,212.02,212.15,211.89,212.14,1309795
NVDA,1789500600,212.11,212.17,211.75,211.94,1677847
NVDA,1789501500,211.94,212.3,211.83,212.17,4746314
NVDA,1789502400,212.17,212.42,212.11,212.4,1280237
NVDA,1789503300,212.38,212.42,212.35,212.37,83345
NVDA,1789504200,212.39,212.65,212.37,212.64,82317
NVDA,1789505100,212.62,212.68,212.58,212.6,48009
NVDA,1789506000,212.58,212.6,212.42,212.5,40628
NVDA,1789506900,212.51,212.53,212.35,212.35,32748
NVDA,1789507800,212.37,212.37,212.24,212.25,2151054
NVDA,1789508700,212.22,212.38,212.17,212.34,29954
NVDA,1789509600,212.38,212.49,212.26,212.3,54499
NVDA,1789510500,212.3,212.64,212.3,212.6,71569
NVDA,1789511400,212.59,212.67,212.55,212.61,30395
NVDA,1789512300,212.58,212.61,212.43,212.43,57911
NVDA,1789513200,212.45,212.48,212.3,212.42,33078
NVDA,1789514100,212.41,212.45,212.17,212.23,51276
NVDA,1789515000,212.26,212.44,212.19,212.42,27260
NVDA,1789515900,212.43,212.46,212.32,212.39,37827
MSFT,1788940800,494.75,495.0,493.76,494.15,17340
MSFT,1788941700,494.08,494.64,494.0,494.1,2820
MSFT,1788942600,494.4,494.5,493.95,494.0,1898
MSFT,1788943500,493.95,494.15,493.95,494.15,336
MSFT,1788944400,494.02,494.53,494.02,494.27,5417
MSFT,1788945300,494.38,494.38,494.12,494.18,7310
MSFT,1788946200,494.18,494.43,494.04,494.43,2169
MSFT,1788947100,494.28,494.46,493.7,493.73,6602
MSFT,1788948000,493.7,494.44,493.7,494.1,3419
MSFT,1788948900,494.01,494.41,494.0,494.0,964
MSFT,1788949800,494.05,494.09,493.72,493.75,2881
MSFT,1788950700,493.7,493.98,493.23,493.5,3109
MSFT,1788951600,493.75,494.33,493.25,494.29,3988
MSFT,1788952500,494.0,494.49,493.66,494.2,6263
MSFT,1788953400,494.44,494.44,493.72,493.72,4698
MSFT,1788954300,493.7,494.5,493.59,493.9,5721
MSFT,1788955200,493.8,494.32,493.0,493.0,9142
MSFT,1788956100,493.0,493.53,493.0,493.13,4513
MSFT,1788957000,493.09,493.77,493.09,493.59,4977
MSFT,1788957900,493.74,494.38,493.57,493.8,8723
MSFT,1788958800,493.91,494.55,493.69,494.53,9817
MSFT,1788959700,494.4,494.52,492.21,492.21,28981
MSFT,1788960600,493.07,494.3,491.14,492.68,908129
MSFT,1788961500,492.59,494.39,491.5,491.65,471812
MSFT,1788962400,491.66,492.4,490.52,490.89,469790
MSFT,1788963300,490.85,492.26,489.8,492.13,556302
MSFT,1788964200,492.16,493.69,491.45,493.11,471217
MSFT,1788965100,493.08,493.71,492.89,493.43,346692
MSFT,1788966000,493.5,493.8,491.59,491.75,321902
MSFT,1788966900,491.8,492.39,491.54,492.14,262462
MSFT,1788967800,492.14,493.14,491.45,491.8,324097
MSFT,1788968700,491.81,492.27,491.23,492.09,234711
MSFT,1788969600,492.08,492.37,491.42,491.55,183326
MSFT,1788970500,491.54,491.66,491.1,491.52,214575
MSFT,1788971400,491.5,492.13,491.38,492.11,151967
MSFT,1788972300,492.11,493.42,492.07,493.22,190045
MSFT,1788973200,493.25,493.57,492.46,492.81,221197
MSFT,1788974100,492.77,493.17,492.7,493.11,194790
MSFT,1788975000,493.11,493.38,492.5,493.04,241621
MSFT,1788975900,493.07,493.34,492.65,493.07,223024
MSFT,1788976800,493.07,493.27,492.09,492.12,225669
MSFT,1788977700,492.12,492.59,491.9,492.46,220159
MSFT,1788978600,492.46,492.61,491.78,492.25,176040
MSFT,1788979500,492.25,492.42,491.73,491.96,172564
MSFT,1788980400,491.97,492.07,491.36,491.39,235772
MSFT,1788981300,491.42,491.99,491.11,491.71,418365
MSFT,1788982200,491.75,491.87,491.17,491.39,452677
MSFT,1788983100,491.37,493.02,490.89,491.77,1309142
MSFT,1788984000,491.65,492.01,491.0,492.0,166498
MSFT,1788984900,492.0,492.09,491.43,491.65,10740
MSFT,1788985800,491.69,492.08,491.69,491.94,2773
MSFT,1788986700,492.03,492.1,491.71,492.1,24513
MSFT,1788987600,492.14,492.19,491.92,492.0,2375
MSFT,1788988500,492.0,492.15,492.0,492.0,1353
MSFT,1788989400,492.0,492.02,492.0,492.0,380
MSFT,1788990300,492.0,492.0,492.0,492.0,550
MSFT,1788991200,492.08,492.34,492.0,492.07,1912
MSFT,1788992100,492.01,492.17,492.01,492.17,722
MSFT,1788993000,492.12,492.19,492.0,492.0,588
MSFT,1788993900,492.15,492.21,492.0,492.0,1215
MSFT,1788994800,492.18,492.24,492.18,492.24,2638
MSFT,1788995700,492.24,492.25,492.17,492.17,1060
MSFT,1788996600,492.43,492.43,492.17,492.22,1554
MSFT,1788997500,492.21,492.67,492.09,492.6,2655
MSFT,1789027200,491.92,492.8,491.51,492.41,17146
MSFT,1789028100,492.43,492.79,492.37,492.62,3525
MSFT,1789029000,492.67,492.67,492.0,492.52,4496
MSFT,1789029900,492.51,492.6,491.84,492.02,4009
MSFT,1789030800,492.16,492.4,492.08,492.11,2521
MSFT,1789031700,492.35,492.35,491.97,491.97,730
MSFT,1789032600,491.87,491.87,491.53,491.68,1753
MSFT,1789033500,491.66,491.9,491.63,491.9,1410
MSFT,1789034400,491.51,491.65,491.51,491.65,314
MSFT,1789035300,491.63,491.67,491.55,491.55,1902
MSFT,1789036200,491.55,491.7,491.55,491.55,1133
MSFT,1789037100,491.7,491.7,491.03,491.06,1595
MSFT,1789038000,491.36,491.98,491.11,491.4,5656
MSFT,1789038900,491.59,491.74,491.3,491.54,6549
MSFT,1789039800,491.32,491.6,491.3,491.3,4145
MSFT,1789040700,491.48,491.6,490.76,491.0,18053
MSFT,1789041600,490.89,490.97,490.5,490.52,4670
MSFT,1789042500,490.51,490.8,490.32,490.57,9168
MSFT,1789043400,490.32,490.4,488.16,488.16,40303
MSFT,1789044300,488.25,489.05,487.91,488.0,28147
MSFT,1789045200,488.21,489.07,488.17,488.83,11390
MSFT,1789046100,489.0,490.1,487.94,488.74,30736
MSFT,1789047000,488.32,489.7,486.0,488.67,1147620
MSFT,1789047900,488.75,491.67,488.5,489.37,621537
MSFT,1789048800,489.5,490.88,488.44,490.18,428892
MSFT,1789049700,490.15,491.19,488.96,490.88,384490
MSFT,1789050600,490.88,493.4,490.88,492.17,617042
MSFT,1789051500,492.06,492.93,491.44,492.71,391549
MSFT,1789052400,492.75,492.82,491.22,491.55,350033
MSFT,1789053300,491.49,492.5,491.31,492.33,230509
MSFT,1789054200,492.39,493.03,491.55,492.17,262020
MSFT,1789055100,492.18,492.69,491.28,491.39,241846
MSFT,1789056000,491.35,492.54,491.11,491.8,397358
MSFT,1789056900,491.8,493.18,491.74,493.02,262126
MSFT,1789057800,493.0,493.46,492.34,492.95,282015
MSFT,1789058700,492.92,494.02,492.91,493.69,762368
MSFT,1789059600,493.71,494.5,493.57,494.18,339660
MSFT,1789060500,494.18,494.52,492.62,492.63,241825
MSFT,1789061400,492.62,492.78,491.74,492.48,253133
MSFT,1789062300,492.48,492.85,492.07,492.14,184545
MSFT,1789063200,492.11,492.31,491.03,491.09,242970
MSFT,1789064100,491.03,491.49,490.33,490.87,217264
MSFT,1789065000,490.87,491.49,490.69,491.38,262004
MSFT,1789065900,491.36,491.68,490.79,490.82,222045
MSFT,1789066800,490.81,491.28,490.4,491.07,243404
MSFT,1789067700,491.08,491.18,490.12,490.27,249596
MSFT,1789068600,490.27,491.63,490.14,491.6,316759
MSFT,1789069500,491.57,492.88,491.25,492.49,961344
MSFT,1789070400,492.44,492.8,491.86,492.6,176971
MSFT,1789071300,492.49,493.0,492.01,492.45,12316
MSFT,1789072200,492.5,492.62,491.46,492.28,7186
MSFT,1789073100,492.4,492.64,492.29,492.64,12440
MSFT,1789074000,492.57,494.35,489.1,489.28,69900
MSFT,1789074900,489.18,490.69,488.51,490.0,26330
MSFT,1789075800,489.9,490.1,489.5,489.52,4250
MSFT,1789076700,489.46,489.8,489.42,489.71,1330
MSFT,1789077600,490.0,490.67,489.4,490.09,2443
MSFT,1789078500,490.14,490.64,489.91,489.91,1213
MSFT,1789079400,490.0,490.1,490.0,490.1,633
MSFT,1789080300,490.01,490.22,490.01,490.07,1305
MSFT,1789081200,490.05,490.3,490.05,490.21,1566
MSFT,1789082100,490.07,490.45,490.07,490.43,1638
MSFT,1789083000,490.4,490.45,490.01,490.3,6638
MSFT,1789083900,490.5,490.5,490.01,490.04,5151
MSFT,1789113600,491.03,492.21,490.56,491.1,35468
MSFT,1789114500,491.36,492.98,491.36,492.19,3717
MSFT,1789115400,492.6,492.72,492.2,492.49,1792
MSFT,1789116300,492.52,493.26,492.52,493.26,2850
MSFT,1789117200,493.41,493.41,492.99,492.99,2679
MSFT,1789118100,492.64,493.12,492.64,492.93,2731
MSFT,1789119000,492.99,493.19,492.9,493.19,1869
MSFT,1789119900,493.24,493.24,493.12,493.12,383
MSFT,1789120800,493.25,493.5,493.15,493.17,3641
MSFT,1789121700,493.36,493.41,493.25,493.34,2603
MSFT,1789122600,493.34,493.4,493.25,493.25,975
MSFT,1789123500,493.38,493.69,493.37,493.44,2347
MSFT,1789124400,493.48,494.88,493.44,494.84,18484
MSFT,1789125300,494.86,495.0,494.1,494.43,9601
MSFT,1789126200,494.31,494.94,494.25,494.82,4642
MSFT,1789127100,494.85,495.48,494.82,495.46,9349
MSFT,1789128000,495.46,496.37,495.15,496.0,13997
MSFT,1789128900,496.0,497.02,495.92,496.95,20247
MSFT,1789129800,497.02,497.07,494.8,495.99,24903
MSFT,1789130700,495.88,496.69,495.5,496.51,30832
MSFT,1789131600,496.7,496.99,495.81,496.55,31754
MSFT,1789132500,496.56,497.5,495.51,495.51,37559
MSFT,1789133400,495.65,498.97,493.32,495.62,1771718
MSFT,1789134300,495.62,498.6,494.88,498.48,534157
MSFT,1789135200,498.52,498.53,495.59,495.65,436599
MSFT,1789136100,495.72,496.0,494.62,495.09,338132
MSFT,1789137000,495.09,495.73,493.79,494.18,449854
MSFT,1789137900,494.23,494.38,492.58,493.1,303938
MSFT,1789138800,493.03,494.54,492.66,494.44,301074
MSFT,1789139700,494.5,496.87,494.33,496.66,571171
MSFT,1789140600,496.66,497.23,495.96,496.72,362085
MSFT,1789141500,496.6,496.79,494.27,494.56,279632
MSFT,1789142400,494.56,496.56,494.55,495.72,246730
MSFT,1789143300,495.76,496.0,495.0,495.27,226559
MSFT,1789144200,495.34,495.86,495.01,495.59,187042
MSFT,1789145100,495.59,495.76,494.15,494.19,162229
MSFT,1789146000,494.23,495.1,494.21,494.55,202728
MSFT,1789146900,494.54,495.71,494.53,495.28,141335
MSFT,1789147800,495.3,495.55,494.8,494.88,174519
MSFT,1789148700,494.9,495.4,494.65,495.24,134238
MSFT,1789149600,495.25,495.73,495.25,495.73,164459
MSFT,1789150500,495.73,496.0,495.15,495.92,199397
MSFT,1789151400,495.97,496.26,495.6,496.1,179581
MSFT,1789152300,496.11,496.73,495.82,496.62,199544
MSFT,1789153200,496.67,497.25,496.62,497.17,208449
MSFT,1789154100,497.16,497.38,496.64,497.14,300948
MSFT,1789155000,497.07,497.18,496.82,496.84,251814
MSFT,1789155900,496.82,497.5,495.54,495.58,1028607
MSFT,1789156800,495.63,495.8,494.4,495.3,214404
MSFT,1789157700,495.3,495.58,495.3,495.4,3511
MSFT,1789158600,495.45,495.6,495.31,495.33,29234
MSFT,1789159500,495.31,495.37,495.09,495.09,1915
MSFT,1789160400,495.2,495.25,494.7,495.05,1350
MSFT,1789161300,495.24,495.25,495.1,495.1,638
MSFT,1789162200,495.2,495.2,495.2,495.2,80
MSFT,1789163100,495.01,495.2,495.01,495.02,2994
MSFT,1789164000,495.02,495.34,495.02,495.2,758
MSFT,1789164900,495.33,495.48,495.1,495.1,1384
MSFT,1789165800,495.16,495.16,495.01,495.01,558
MSFT,1789167600,494.8,494.99,494.8,494.87,282
MSFT,1789168500,494.95,495.0,494.8,494.92,640
MSFT,1789169400,494.93,494.95,494.81,494.81,905
MSFT,1789170300,494.82,494.82,494.5,494.77,2406
MSFT,1789372800,492.69,494.2,492.0,492.74,73678
MSFT,1789373700,492.5,493.0,492.21,492.21,14329
MSFT,1789374600,492.49,492.93,492.0,492.48,8727
MSFT,1789375500,492.48,492.48,490.71,490.98,12762
MSFT,1789376400,490.72,491.59,490.72,491.04,12440
MSFT,1789377300,491.08,491.76,490.7,491.55,11152
MSFT,1789378200,492.0,492.29,491.81,492.16,3782
MSFT,1789379100,492.0,492.75,492.0,492.46,18097
MSFT,1789380000,492.52,492.88,492.38,492.8,3018
MSFT,1789380900,492.7,493.44,492.5,493.35,6964
MSFT,1789381800,493.25,494.5,492.99,494.43,18959
MSFT,1789382700,494.1,496.0,494.1,495.19,15239
MSFT,1789383600,495.11,497.5,495.04,496.91,58357
MSFT,1789384500,497.0,499.11,496.86,498.11,57553
MSFT,1789385400,498.43,498.96,496.64,497.0,31605
MSFT,1789386300,496.61,498.34,496.6,497.93,49190
MSFT,1789387200,497.43,499.1,496.96,498.27,50465
MSFT,1789388100,498.78,499.3,495.63,498.97,77302
MSFT,1789389000,498.96,499.0,497.65,498.5,15953
MSFT,1789389900,498.72,499.1,497.85,498.53,42630
MSFT,1789390800,498.52,498.6,497.0,497.5,77591
MSFT,1789391700,497.42,499.1,496.61,497.5,75997
MSFT,1789392600,497.06,499.8,495.34,496.46,1479844
MSFT,1789393500,496.46,501.67,496.0,501.32,1357778
MSFT,1789394400,501.32,502.42,499.8,500.77,738254
MSFT,1789395300,500.72,500.9,498.65,499.56,681992
MSFT,1789396200,499.55,500.53,498.39,499.35,652082
MSFT,1789397100,499.36,501.8,499.26,501.72,579781
MSFT,1789398000,501.78,504.08,501.1,503.26,841050
MSFT,1789398900,503.26,504.47,502.74,503.71,745325
MSFT,1789399800,503.7,505.88,502.43,505.46,865714
MSFT,1789400700,505.51,505.54,503.89,504.06,476720
MSFT,1789401600,504.08,505.39,503.93,505.04,532159
MSFT,1789402500,505.05,505.84,504.91,505.3,532453
MSFT,1789403400,505.3,507.18,505.1,507.15,630417
MSFT,1789404300,507.17,508.8,506.67,508.24,826975
MSFT,1789405200,508.19,508.39,507.5,508.09,395819
MSFT,1789406100,508.02,509.1,507.93,508.98,362453
MSFT,1789407000,508.96,509.74,508.3,509.34,435453
MSFT,1789407900,509.38,509.95,508.83,509.14,404916
MSFT,1789408800,509.14,509.7,508.3,508.46,399032
MSFT,1789409700,508.41,508.52,507.45,507.45,425291
MSFT,1789410600,507.52,507.86,506.95,507.13,352419
MSFT,1789411500,507.12,507.35,505.8,505.8,400147
MSFT,1789412400,505.8,506.81,505.61,506.44,425999
MSFT,1789413300,506.44,507.36,506.17,507.3,365625
MSFT,1789414200,507.32,507.68,506.86,506.87,549903
MSFT,1789415100,506.87,507.47,504.7,505.31,2201165
MSFT,1789416000,505.41,506.26,504.82,505.4,233511
MSFT,1789416900,505.29,505.29,504.8,504.84,7417
MSFT,1789417800,504.95,505.5,504.86,505.02,5238
MSFT,1789418700,505.19,505.19,504.7,504.7,3946
MSFT,1789419600,504.75,505.1,504.75,505.0,6023
MSFT,1789420500,505.0,505.03,504.65,504.7,3737
MSFT,1789421400,504.86,504.97,504.77,504.97,2690
MSFT,1789422300,504.9,504.96,504.81,504.83,6268
MSFT,1789423200,505.0,505.0,504.77,504.78,3705
MSFT,1789424100,504.79,504.8,504.5,504.5,3833
MSFT,1789425000,504.49,504.58,504.25,504.25,1703
MSFT,1789425900,504.3,504.55,504.0,504.25,3825
MSFT,1789426800,504.15,504.22,504.01,504.01,1139
MSFT,1789427700,504.04,504.1,503.56,504.0,5164
MSFT,1789428600,504.01,504.44,504.0,504.27,1430
MSFT,1789429500,504.26,504.26,504.01,504.15,2759
MSFT,1789459200,500.65,502.75,498.1,498.9,56945
MSFT,1789460100,498.91,499.51,498.91,499.15,3381
MSFT,1789461000,499.14,499.2,498.53,499.05,3555
MSFT,1789461900,498.9,499.18,498.56,498.56,2170
MSFT,1789462800,498.8,499.87,498.8,499.2,3238
MSFT,1789463700,499.37,499.37,499.0,499.25,2108
MSFT,1789464600,499.56,500.38,499.26,500.3,4270
MSFT,1789465500,500.26,500.69,500.05,500.58,4645
MSFT,1789466400,500.28,500.34,499.87,500.0,3606
MSFT,1789467300,500.2,500.2,499.81,500.0,1408
MSFT,1789468200,500.11,500.5,500.1,500.16,3612
MSFT,1789469100,500.23,500.94,500.1,500.7,3678
MSFT,1789470000,500.65,500.93,499.25,499.8,18346
MSFT,1789470900,499.99,500.58,499.9,500.58,12299
MSFT,1789471800,500.4,500.78,500.11,500.78,3975
MSFT,1789472700,500.77,500.99,500.15,500.31,7425
MSFT,1789473600,500.4,500.77,500.25,500.61,16391
MSFT,1789474500,500.6,500.97,500.01,500.37,6392
MSFT,1789475400,500.53,500.63,500.18,500.22,2983
MSFT,1789476300,500.31,501.27,500.31,500.5,13856
MSFT,1789477200,500.75,501.0,500.55,500.6,6967
MSFT,1789478100,500.61,502.39,500.02,500.02,30670
MSFT,1789479000,500.06,505.9,499.1,504.39,1262039
MSFT,1789479900,504.39,504.58,500.73,501.25,713077
MSFT,1789480800,501.17,501.2,498.61,499.61,712091
MSFT,1789481700,499.63,499.69,498.2,499.12,512700
MSFT,1789482600,499.04,499.58,498.53,499.05,392559
MSFT,1789483500,499.05,500.2,499.0,499.87,368902
MSFT,1789484400,499.89,502.13,499.45,501.21,488426
MSFT,1789485300,501.17,501.26,499.77,499.99,338412
MSFT,1789486200,500.01,500.08,499.05,499.71,542928
MSFT,1789487100,499.68,501.68,499.2,501.03,452092
MSFT,1789488000,501.05,501.47,499.61,499.94,251572
MSFT,1789488900,499.97,501.24,499.88,500.21,380243
MSFT,1789489800,500.21,501.42,500.1,500.47,280956
MSFT,1789490700,500.46,501.4,500.35,500.8,249179
MSFT,1789491600,500.85,501.24,499.8,499.94,212562
MSFT,1789492500,499.88,499.93,499.09,499.16,199714
MSFT,1789493400,499.17,499.7,499.0,499.42,247150
MSFT,1789494300,499.47,499.57,498.45,498.63,216047
MSFT,1789495200,498.62,498.8,497.58,498.52,335304
MSFT,1789496100,498.52,498.74,497.93,498.71,282564
MSFT,1789497000,498.63,499.0,498.29,498.53,237245
MSFT,1789497900,498.53,498.56,497.53,498.1,263675
MSFT,1789498800,498.06,498.21,497.11,497.32,300385
MSFT,1789499700,497.28,497.28,496.39,496.46,321307
MSFT,1789500600,496.48,497.07,495.59,496.2,578965
MSFT,1789501500,496.17,497.63,495.54,497.11,1607066
MSFT,1789502400,497.12,498.76,496.62,497.6,199476
MSFT,1789503300,497.37,497.8,497.12,497.5,19342
MSFT,1789504200,497.5,498.0,497.3,497.53,6079
MSFT,1789505100,497.9,497.9,497.6,497.6,871
MSFT,1789506000,497.93,497.93,497.58,497.6,897
MSFT,1789506900,497.5,497.52,497.41,497.41,1005
MSFT,1789507800,497.41,497.65,497.41,497.65,271
MSFT,1789508700,497.38,497.8,497.32,497.75,5325
MSFT,1789509600,497.8,498.42,497.71,498.0,3835
MSFT,1789510500,498.16,498.45,498.15,498.15,2213
MSFT,1789511400,498.35,498.93,498.3,498.79,2764
MSFT,1789512300,498.79,498.79,498.51,498.51,1836
MSFT,1789513200,498.51,498.7,498.5,498.52,1354
MSFT,1789514100,498.54,498.62,498.16,498.16,1170
MSFT,1789515000,498.3,498.7,498.22,498.7,3606
MSFT,1789515900,498.48,498.8,498.2,498.8,3074
GOOGL,1788940800,339.19,339.7,338.37,338.66,49443
GOOGL,1788941700,338.68,338.68,338.39,338.66,10146
GOOGL,1788942600,338.51,338.76,338.37,338.37,8753
GOOGL,1788943500,338.58,338.75,338.35,338.4,7288
GOOGL,1788944400,338.4,338.61,338.23,338.31,15687
GOOGL,1788945300,338.29,338.4,338.15,338.35,9647
GOOGL,1788946200,338.26,338.27,337.77,337.77,8647
GOOGL,1788947100,337.85,337.88,336.0,336.19,24718
GOOGL,1788948000,336.12,336.31,335.26,335.3,32940
GOOGL,1788948900,335.5,336.03,334.25,334.5,30710
GOOGL,1788949800,334.5,335.29,334.2,334.99,24201
GOOGL,1788950700,334.97,335.29,334.68,334.68,31623
GOOGL,1788951600,334.85,335.0,333.33,333.64,125611
GOOGL,1788952500,333.5,333.6,330.8,332.7,287875
GOOGL,1788953400,332.56,332.8,330.98,331.0,183731
GOOGL,1788954300,331.01,331.37,330.3,330.85,249117
GOOGL,1788955200,330.86,331.23,329.72,330.0,215219
GOOGL,1788956100,330.0,331.09,329.96,330.97,135059
GOOGL,1788957000,330.92,331.48,330.73,331.4,75832
GOOGL,1788957900,331.44,332.0,331.43,331.6,74578
GOOGL,1788958800,331.6,331.92,330.7,330.82,101086
GOOGL,1788959700,330.77,331.84,330.29,331.76,248565
GOOGL,1788960600,331.65,331.85,328.15,329.15,3757206
GOOGL,1788961500,329.17,329.77,328.47,329.38,1840518
GOOGL,1788962400,329.53,330.5,327.9,330.41,2119587
GOOGL,1788963300,330.4,331.24,329.91,330.88,1236449
GOOGL,1788964200,330.83,330.85,329.5,330.22,1082985
GOOGL,1788965100,330.2,330.66,329.55,329.62,728271
GOOGL,1788966000,329.68,329.72,327.99,328.15,1117517
GOOGL,1788966900,328.18,329.46,328.15,329.03,761439
GOOGL,1788967800,329.03,329.71,328.99,329.35,586533
GOOGL,1788968700,329.35,330.17,329.32,329.55,572386
GOOGL,1788969600,329.56,329.74,329.0,329.4,608846
GOOGL,1788970500,329.4,329.7,329.13,329.54,423189
GOOGL,1788971400,329.54,329.79,329.42,329.69,901439
GOOGL,1788972300,329.72,330.28,329.59,330.13,397190
GOOGL,1788973200,330.11,331.01,330.1,330.94,578887
GOOGL,1788974100,330.93,331.71,330.91,331.13,579291
GOOGL,1788975000,331.13,331.56,330.8,330.87,463978
GOOGL,1788975900,330.86,330.94,330.58,330.64,409249
GOOGL,1788976800,330.64,330.69,330.15,330.37,345578
GOOGL,1788977700,330.38,330.67,330.23,330.46,310945
GOOGL,1788978600,330.46,330.69,329.87,330.48,496154
GOOGL,1788979500,330.49,330.56,330.22,330.36,338284
GOOGL,1788980400,330.34,330.83,330.2,330.55,412292
GOOGL,1788981300,330.54,331.56,330.31,331.28,574176
GOOGL,1788982200,331.28,331.28,330.21,330.7,666458
GOOGL,1788983100,330.7,330.87,330.12,330.66,2191152
GOOGL,1788984000,330.65,331.05,330.59,330.93,3093503
GOOGL,1788984900,330.89,331.03,330.65,330.92,29577
GOOGL,1788985800,330.93,331.4,330.87,331.25,16559
GOOGL,1788986700,331.14,331.28,331.08,331.15,33631
GOOGL,1788987600,331.15,331.28,331.11,331.28,7625
GOOGL,1788988500,331.19,331.3,331.14,331.14,8729
GOOGL,1788989400,331.1,331.21,331.08,331.16,5767
GOOGL,1788990300,331.11,331.2,330.94,331.01,23361
GOOGL,1788991200,330.99,331.2,330.84,331.0,14473
GOOGL,1788992100,330.95,331.1,330.95,331.0,14239
GOOGL,1788993000,330.97,331.08,330.9,331.03,6120
GOOGL,1788993900,331.05,331.09,330.9,330.98,12932
GOOGL,1788994800,330.95,330.98,330.9,330.93,4844
GOOGL,1788995700,330.9,331.1,330.9,331.01,5956
GOOGL,1788996600,331.04,331.06,330.87,330.88,10181
GOOGL,1788997500,330.87,330.99,330.79,330.85,9532
GOOGL,1789027200,331.22,331.78,331.0,331.61,75829
GOOGL,1789028100,331.67,331.67,331.35,331.4,2989
GOOGL,1789029000,331.38,331.48,331.33,331.39,2935
GOOGL,1789029900,331.3,331.3,331.0,331.07,8681
GOOGL,1789030800,331.19,331.29,331.05,331.24,3870
GOOGL,1789031700,331.29,331.29,331.0,331.07,4669
GOOGL,1789032600,331.06,331.06,330.76,330.83,10928
GOOGL,1789033500,330.81,330.99,330.65,330.68,17016
GOOGL,1789034400,330.65,330.7,330.65,330.67,8576
GOOGL,1789035300,330.67,332.41,330.6,331.1,24840
GOOGL,1789036200,331.39,331.84,331.02,331.65,11285
GOOGL,1789037100,331.65,331.98,331.51,331.88,14605
GOOGL,1789038000,331.67,331.67,331.28,331.35,21996
GOOGL,1789038900,331.46,331.56,331.33,331.56,10213
GOOGL,1789039800,331.56,332.3,331.54,331.71,26293
GOOGL,1789040700,331.7,331.94,330.86,330.98,27797
GOOGL,1789041600,330.98,331.3,330.0,330.75,47002
GOOGL,1789042500,330.7,330.73,330.07,330.3,22252
GOOGL,1789043400,330.08,330.65,328.8,329.2,1932795
GOOGL,1789044300,329.23,329.3,328.05,328.05,69449
GOOGL,1789045200,328.22,329.0,328.0,328.57,55729
GOOGL,1789046100,328.74,329.15,327.76,328.39,57841
GOOGL,1789047000,328.23,330.45,327.74,328.78,1666755
GOOGL,1789047900,328.81,329.36,328.08,328.15,752791
GOOGL,1789048800,328.17,329.46,328.05,329.18,697326
GOOGL,1789049700,329.18,331.2,328.88,330.75,832236
GOOGL,1789050600,330.76,331.7,330.65,330.92,749397
GOOGL,1789051500,330.89,331.38,330.71,331.18,635051
GOOGL,1789052400,331.19,331.33,330.41,330.68,551673
GOOGL,1789053300,330.68,330.95,329.9,329.99,456406
GOOGL,1789054200,329.96,330.52,329.33,330.36,471060
GOOGL,1789055100,330.35,330.79,329.74,329.9,777693
GOOGL,1789056000,329.9,330.77,329.87,330.27,381762
GOOGL,1789056900,330.21,331.01,330.14,330.56,449155
GOOGL,1789057800,330.55,331.32,330.3,331.21,463520
GOOGL,1789058700,331.2,332.0,331.2,331.86,470312
GOOGL,1789059600,331.87,332.2,330.96,331.67,394126
GOOGL,1789060500,331.67,332.4,331.58,331.78,460000
GOOGL,1789061400,331.78,332.04,331.3,331.98,280123
GOOGL,1789062300,332.0,332.17,331.67,331.81,252970
GOOGL,1789063200,331.78,332.29,331.54,332.12,355228
GOOGL,1789064100,332.11,332.17,331.72,331.77,294071
GOOGL,1789065000,331.76,332.14,331.64,332.01,330094
GOOGL,1789065900,332.01,332.55,331.64,332.06,427003
GOOGL,1789066800,332.04,332.83,331.92,332.7,402471
GOOGL,1789067700,332.7,332.78,332.19,332.42,399578
GOOGL,1789068600,332.41,333.11,332.21,333.11,614132
GOOGL,1789069500,333.12,333.23,332.47,332.67,1639064
GOOGL,1789070400,332.6,332.69,332.19,332.5,629956
GOOGL,1789071300,332.35,332.62,332.09,332.21,22129
GOOGL,1789072200,332.22,332.39,332.05,332.21,7407
GOOGL,1789073100,332.37,332.38,332.1,332.15,5996
GOOGL,1789074000,332.6,332.6,332.14,332.17,6877
GOOGL,1789074900,332.15,332.17,331.6,331.6,11110
GOOGL,1789075800,331.64,331.74,331.35,331.36,498562
GOOGL,1789076700,331.34,331.94,331.32,331.65,10330
GOOGL,1789077600,331.8,331.89,331.68,331.68,3718
GOOGL,1789078500,331.71,331.88,331.52,331.75,2876
GOOGL,1789079400,331.75,331.75,331.5,331.65,4230
GOOGL,1789080300,331.51,331.85,331.51,331.7,6089
GOOGL,1789081200,331.85,331.85,331.68,331.71,4870
GOOGL,1789082100,331.72,331.74,331.49,331.7,6035
GOOGL,1789083000,331.76,331.76,331.5,331.65,2667
GOOGL,1789083900,331.66,331.7,331.0,331.04,18986
GOOGL,1789113600,332.65,333.29,331.03,332.99,93417
GOOGL,1789114500,333.0,333.69,333.0,333.3,11537
GOOGL,1789115400,333.39,333.68,333.39,333.67,6533
GOOGL,1789116300,333.61,334.18,333.61,334.0,6177
GOOGL,1789117200,334.19,334.2,333.76,333.9,9581
GOOGL,1789118100,333.86,333.93,333.74,333.74,4169
GOOGL,1789119000,333.85,333.85,333.5,333.62,4509
GOOGL,1789119900,333.6,333.98,333.59,333.98,5651
GOOGL,1789120800,333.81,334.0,333.74,333.74,5415
GOOGL,1789121700,333.81,333.84,333.72,333.84,3369
GOOGL,1789122600,333.85,334.2,333.85,334.19,11776
GOOGL,1789123500,334.15,334.33,334.15,334.19,8931
GOOGL,1789124400,334.17,334.49,333.98,334.41,47326
GOOGL,1789125300,334.43,334.68,334.16,334.68,13944
GOOGL,1789126200,334.7,334.86,334.37,334.37,26985
GOOGL,1789127100,334.41,334.61,334.17,334.38,15985
GOOGL,1789128000,334.18,334.25,333.36,333.8,22400
GOOGL,1789128900,333.81,334.32,333.5,334.32,30755
GOOGL,1789129800,334.49,334.67,332.76,334.38,966441
GOOGL,1789130700,334.35,335.39,334.22,335.3,67710
GOOGL,1789131600,335.36,335.63,334.5,334.73,59638
GOOGL,1789132500,334.88,335.27,334.24,335.21,39496
GOOGL,1789133400,335.03,340.72,335.03,338.32,2220097
GOOGL,1789134300,338.37,338.95,337.54,338.23,732818
GOOGL,1789135200,338.23,339.44,337.53,338.93,806135
GOOGL,1789136100,338.94,340.61,338.92,340.06,973132
GOOGL,1789137000,340.08,340.45,339.32,340.0,701852
GOOGL,1789137900,340.0,340.38,339.47,340.19,570433
GOOGL,1789138800,340.2,342.32,340.04,342.24,992087
GOOGL,1789139700,342.27,342.98,341.63,342.09,1025932
GOOGL,1789140600,342.04,342.14,341.28,341.4,509383
GOOGL,1789141500,341.36,341.86,340.93,341.42,448917
GOOGL,1789142400,341.38,341.8,341.26,341.53,568962
GOOGL,1789143300,341.53,341.67,340.13,340.14,421903
GOOGL,1789144200,340.22,340.69,340.0,340.65,336731
GOOGL,1789145100,340.65,341.06,340.39,340.71,274610
GOOGL,1789146000,340.74,341.24,340.66,341.13,230726
GOOGL,1789146900,341.13,341.41,340.73,340.73,238762
GOOGL,1789147800,340.73,341.07,340.5,340.56,351596
GOOGL,1789148700,340.54,340.63,340.15,340.21,386403
GOOGL,1789149600,340.21,340.73,339.2,339.5,379747
GOOGL,1789150500,339.48,339.68,339.08,339.55,385767
GOOGL,1789151400,339.56,339.59,339.04,339.06,266959
GOOGL,1789152300,339.07,339.17,338.66,338.85,392844
GOOGL,1789153200,338.86,339.19,338.79,339.07,341776
GOOGL,1789154100,339.07,339.3,338.85,339.09,338954
GOOGL,1789155000,339.06,339.18,338.56,338.74,490593
GOOGL,1789155900,338.72,339.19,338.09,338.45,1746455
GOOGL,1789156800,338.5,338.84,338.21,338.4,362710
GOOGL,1789157700,338.4,338.45,338.17,338.36,6604
GOOGL,1789158600,338.23,338.35,338.15,338.2,9687
GOOGL,1789159500,338.37,338.69,338.24,338.56,1171549
GOOGL,1789160400,338.59,338.61,338.36,338.5,1740
GOOGL,1789161300,338.5,338.5,338.36,338.36,1932
GOOGL,1789162200,338.35,338.45,338.35,338.4,1440
GOOGL,1789163100,338.4,338.62,338.4,338.43,7344
GOOGL,1789164000,338.43,338.65,338.4,338.43,3542
GOOGL,1789164900,338.39,338.5,338.38,338.4,3630
GOOGL,1789165800,338.4,338.41,338.3,338.38,2915
GOOGL,1789166700,338.42,338.48,338.25,338.3,3357
GOOGL,1789167600,338.21,338.39,338.17,338.39,3718
GOOGL,1789168500,338.27,338.42,338.2,338.21,3574
GOOGL,1789169400,338.27,338.3,338.16,338.3,7028
GOOGL,1789170300,338.39,338.4,338.19,338.39,5259
GOOGL,1789372800,335.0,336.63,334.82,336.3,122561
GOOGL,1789373700,336.44,336.72,336.07,336.25,12757
GOOGL,1789374600,336.25,336.41,335.98,336.35,13983
GOOGL,1789375500,336.47,336.48,335.7,336.0,13976
GOOGL,1789376400,336.07,336.09,335.0,335.3,24337
GOOGL,1789377300,335.47,335.96,335.28,335.8,11220
GOOGL,1789378200,335.9,335.95,335.43,335.73,9103
GOOGL,1789379100,335.64,335.97,335.44,335.46,12808
GOOGL,1789380000,335.54,336.2,335.47,336.07,15069
GOOGL,1789380900,335.91,337.38,335.91,337.34,20302
GOOGL,1789381800,337.26,340.32,337.24,339.97,56576
GOOGL,1789382700,339.94,340.16,339.55,339.95,35325
GOOGL,1789383600,339.81,345.41,339.8,345.21,240265
GOOGL,1789384500,345.31,346.52,343.13,343.77,273163
GOOGL,1789385400,343.87,344.89,342.55,344.84,115042
GOOGL,1789386300,344.83,345.08,344.35,344.84,137604
GOOGL,1789387200,344.9,345.09,344.35,344.4,108902
GOOGL,1789388100,344.41,344.89,339.35,343.3,233015
GOOGL,1789389000,343.45,344.11,341.89,341.96,143658
GOOGL,1789389900,342.01,343.59,341.5,343.59,108834
GOOGL,1789390800,343.6,343.75,342.5,342.5,120162
GOOGL,1789391700,342.5,344.34,342.13,343.09,132079
GOOGL,1789392600,343.12,345.37,342.14,345.35,3819536
GOOGL,1789393500,345.35,347.28,344.35,346.52,2237438
GOOGL,1789394400,346.56,347.14,344.65,345.15,1375988
GOOGL,1789395300,345.13,345.69,342.75,344.14,764973
GOOGL,1789396200,344.14,344.3,343.31,344.13,467316
GOOGL,1789397100,344.13,345.36,344.05,345.12,645915
GOOGL,1789398000,345.14,345.77,344.08,345.56,852617
GOOGL,1789398900,345.56,346.07,344.99,345.45,552624
GOOGL,1789399800,345.45,346.0,344.69,345.66,630415
GOOGL,1789400700,345.68,346.07,345.22,345.31,408102
GOOGL,1789401600,345.31,346.12,344.95,345.84,600257
GOOGL,1789402500,345.84,346.6,345.84,346.07,524955
GOOGL,1789403400,346.06,347.28,346.06,346.73,608506
GOOGL,1789404300,346.72,347.87,346.2,347.69,1278189
GOOGL,1789405200,347.67,347.72,346.71,346.78,460251
GOOGL,1789406100,346.78,348.16,346.69,348.05,729517
GOOGL,1789407000,348.03,349.65,348.02,348.86,1208168
GOOGL,1789407900,348.84,349.88,348.83,349.26,636936
GOOGL,1789408800,349.23,349.91,348.46,348.63,1553659
GOOGL,1789409700,348.58,349.13,346.66,347.69,1017994
GOOGL,1789410600,347.73,348.57,346.74,346.94,692326
GOOGL,1789411500,346.94,347.92,346.69,347.38,723543
GOOGL,1789412400,347.38,347.59,346.97,347.4,489284
GOOGL,1789413300,347.34,348.64,346.83,348.58,537939
GOOGL,1789414200,348.58,348.84,347.95,348.29,937815
GOOGL,1789415100,348.29,349.58,348.23,349.49,3059499
GOOGL,1789416000,349.39,349.52,348.0,348.44,594195
GOOGL,1789416900,348.42,348.42,348.13,348.13,264262
GOOGL,1789417800,348.13,348.39,348.07,348.34,24677
GOOGL,1789418700,348.29,348.5,348.29,348.43,11940
GOOGL,1789419600,348.46,348.69,348.2,348.25,12818
GOOGL,1789420500,348.2,348.3,347.75,347.96,13747
GOOGL,1789421400,347.93,347.97,347.8,347.87,5497
GOOGL,1789422300,347.91,348.0,347.75,347.96,597587
GOOGL,1789423200,347.96,348.25,347.84,347.86,5629
GOOGL,1789424100,347.81,347.81,347.45,347.5,10346
GOOGL,1789425000,347.5,347.57,347.4,347.43,6301
GOOGL,1789425900,347.43,347.54,347.34,347.4,7282
GOOGL,1789426800,347.4,347.4,346.86,347.18,7527
GOOGL,1789427700,347.24,347.31,347.07,347.2,5189
GOOGL,1789428600,347.37,347.48,347.18,347.4,1383
GOOGL,1789429500,347.37,347.48,347.22,347.28,4738
GOOGL,1789459200,346.56,347.74,344.5,345.05,92824
GOOGL,1789460100,345.16,345.49,345.04,345.35,5987
GOOGL,1789461000,345.3,345.5,345.2,345.5,1630
GOOGL,1789461900,345.14,345.37,345.06,345.06,3540
GOOGL,1789462800,345.28,345.58,344.96,344.98,6642
GOOGL,1789463700,344.89,345.11,344.31,345.02,12940
GOOGL,1789464600,345.07,345.47,345.0,345.4,4123
GOOGL,1789465500,345.47,345.78,345.43,345.77,7762
GOOGL,1789466400,345.77,345.93,345.64,345.64,2551
GOOGL,1789467300,345.49,345.85,345.4,345.71,2712
GOOGL,1789468200,345.83,346.03,345.63,345.7,9617
GOOGL,1789469100,345.68,346.05,345.5,345.96,5506
GOOGL,1789470000,345.9,346.44,345.9,346.19,17726
GOOGL,1789470900,346.0,346.6,345.97,346.59,14962
GOOGL,1789471800,346.51,346.51,345.95,346.08,11507
GOOGL,1789472700,346.12,346.23,345.96,346.19,617661
GOOGL,1789473600,346.18,346.35,346.09,346.19,13496
GOOGL,1789474500,346.28,346.28,345.66,346.15,21645
GOOGL,1789475400,346.09,346.9,345.97,346.66,14067
GOOGL,1789476300,346.65,347.3,346.0,346.6,27222
GOOGL,1789477200,346.64,346.84,346.29,346.29,27783
GOOGL,1789478100,346.38,347.25,346.08,346.8,53906
GOOGL,1789479000,346.8,348.07,344.71,347.05,1659893
GOOGL,1789479900,347.06,347.43,345.37,345.86,601682
GOOGL,1789480800,345.83,345.83,344.11,344.8,896636
GOOGL,1789481700,344.82,345.13,343.8,344.63,644510
GOOGL,1789482600,344.64,345.09,344.0,344.47,687304
GOOGL,1789483500,344.48,344.75,343.8,343.94,451367
GOOGL,1789484400,343.99,345.16,343.82,344.34,464063
GOOGL,1789485300,344.31,344.52,343.5,343.6,373465
GOOGL,1789486200,343.63,343.79,343.2,343.22,447584
GOOGL,1789487100,343.23,343.94,342.96,343.71,410117
GOOGL,1789488000,343.73,344.4,343.58,344.19,402121
GOOGL,1789488900,344.19,344.8,344.1,344.35,651562
GOOGL,1789489800,344.34,344.79,344.05,344.14,437754
GOOGL,1789490700,344.14,344.2,343.55,343.82,261005
GOOGL,1789491600,343.81,344.31,343.37,343.41,315336
GOOGL,1789492500,343.39,343.42,342.7,342.88,329358
GOOGL,1789493400,342.87,343.45,342.76,343.37,242139
GOOGL,1789494300,343.37,343.53,343.03,343.2,254229
GOOGL,1789495200,343.23,344.12,343.13,343.91,243095
GOOGL,1789496100,343.92,344.43,343.68,344.06,350192
GOOGL,1789497000,344.05,344.54,343.82,343.97,312366
GOOGL,1789497900,343.97,344.33,343.72,344.29,309869
GOOGL,1789498800,344.29,344.33,343.95,344.2,300068
GOOGL,1789499700,344.17,344.25,343.91,344.06,269587
GOOGL,1789500600,344.08,344.2,343.73,344.07,417967
GOOGL,1789501500,344.07,345.3,344.06,345.03,1958003
GOOGL,1789502400,344.98,345.21,344.74,345.08,131167
GOOGL,1789503300,345.0,345.0,344.59,344.59,10217
GOOGL,1789504200,344.53,344.6,344.29,344.6,4638
GOOGL,1789505100,344.52,344.52,344.31,344.32,12495
GOOGL,1789506000,344.32,344.34,344.1,344.14,5084
GOOGL,1789506900,344.15,344.29,344.13,344.17,3573
GOOGL,1789507800,344.24,344.33,344.1,344.1,331024
GOOGL,1789508700,344.11,344.31,344.1,344.24,2578
GOOGL,1789509600,344.3,344.52,344.11,344.17,4703
GOOGL,1789510500,344.2,344.34,344.0,344.07,4251
GOOGL,1789511400,344.07,344.56,344.0,344.56,6359
GOOGL,1789512300,344.24,344.45,344.15,344.34,1950
GOOGL,1789513200,344.42,344.57,344.26,344.37,4137
GOOGL,1789514100,344.28,344.43,344.26,344.26,2140
GOOGL,1789515000,344.08,344.45,344.05,344.23,4527
GOOGL,1789515900,344.12,344.57,344.06,344.53,4541
TSLA,1788940800,368.29,368.55,366.86,367.63,89450
TSLA,1788941700,367.7,367.9,367.5,367.72,7714
TSLA,1788942600,367.95,368.0,366.51,366.51,18077
TSLA,1788943500,366.6,367.23,366.5,367.06,11304
TSLA,1788944400,367.06,367.06,366.66,366.93,6744
TSLA,1788945300,367.01,367.02,366.4,366.65,9845
TSLA,1788946200,366.57,366.9,365.77,365.88,19534
TSLA,1788947100,365.85,365.85,364.29,364.34,27066
TSLA,1788948000,364.32,364.66,363.77,364.31,34010
TSLA,1788948900,364.18,365.0,363.7,364.8,11039
TSLA,1788949800,364.61,365.2,364.54,364.64,10804
TSLA,1788950700,364.64,364.93,364.42,364.93,22577
TSLA,1788951600,364.65,365.6,364.35,364.96,33311
TSLA,1788952500,364.93,365.15,364.14,364.99,33026
TSLA,1788953400,364.87,364.98,364.21,364.23,17069
TSLA,1788954300,364.38,365.63,364.1,364.6,33302
TSLA,1788955200,364.59,364.6,363.85,363.85,39013
TSLA,1788956100,363.8,364.47,363.8,364.29,32334
TSLA,1788957000,364.15,364.47,364.0,364.31,35625
TSLA,1788957900,364.33,364.5,364.21,364.36,19710
TSLA,1788958800,364.26,364.75,364.2,364.48,43786
TSLA,1788959700,364.48,368.47,364.18,368.38,135870
TSLA,1788960600,368.25,375.44,367.83,373.61,4177098
TSLA,1788961500,373.6,374.73,370.68,371.08,2257239
TSLA,1788962400,371.0,373.13,369.8,371.25,2013787
TSLA,1788963300,371.21,372.28,370.51,371.27,1133343
TSLA,1788964200,371.27,373.48,370.37,371.76,1575217
TSLA,1788965100,371.75,373.6,371.06,371.31,1511221
TSLA,1788966000,371.31,371.83,367.84,368.58,1735965
TSLA,1788966900,368.54,368.87,367.25,368.68,1422191
TSLA,1788967800,368.68,371.28,368.57,370.17,1362930
TSLA,1788968700,370.21,370.75,369.87,370.62,692160
TSLA,1788969600,370.62,371.12,369.82,370.64,877920
TSLA,1788970500,370.61,370.76,368.56,368.74,884634
TSLA,1788971400,368.76,369.51,368.73,369.35,547449
TSLA,1788972300,369.38,370.9,368.72,368.8,764967
TSLA,1788973200,368.81,369.41,368.25,368.55,586702
TSLA,1788974100,368.53,368.69,367.78,368.17,603480
TSLA,1788975000,368.13,369.2,368.05,368.86,542137
TSLA,1788975900,368.86,369.13,368.18,368.94,423662
TSLA,1788976800,368.96,369.26,368.01,368.31,406258
TSLA,1788977700,368.34,369.9,368.32,369.84,675789
TSLA,1788978600,369.84,370.16,368.71,368.87,667167
TSLA,1788979500,368.87,369.23,368.1,369.05,651489
TSLA,1788980400,369.02,369.56,368.46,369.5,552137
TSLA,1788981300,369.49,369.73,368.72,368.92,586704
TSLA,1788982200,368.91,369.3,368.5,368.7,589174
TSLA,1788983100,368.7,369.3,366.0,367.8,1970463
TSLA,1788984000,367.81,367.81,367.13,367.47,278840
TSLA,1788984900,367.48,367.81,367.29,367.48,31204
TSLA,1788985800,367.45,367.81,367.33,367.52,20464
TSLA,1788986700,367.56,367.65,367.32,367.53,14389
TSLA,1788987600,367.46,367.55,367.42,367.53,13119
TSLA,1788988500,367.53,367.59,367.41,367.44,10683
TSLA,1788989400,367.41,367.47,367.33,367.35,7914
TSLA,1788990300,367.34,367.35,367.14,367.14,13496
TSLA,1788991200,367.15,367.25,366.61,366.61,19341
TSLA,1788992100,366.66,366.74,366.5,366.5,10932
TSLA,1788993000,366.38,366.7,366.38,366.63,7013
TSLA,1788993900,366.6,366.74,366.5,366.51,9218
TSLA,1788994800,366.59,366.69,366.41,366.43,6243
TSLA,1788995700,366.43,366.52,366.35,366.39,6562
TSLA,1788996600,366.36,366.82,366.27,366.6,10763
TSLA,1788997500,366.7,367.3,366.6,367.22,14392
TSLA,1789027200,366.45,367.23,365.6,365.71,70678
TSLA,1789028100,365.62,366.21,365.6,365.79,7771
TSLA,1789029000,365.71,366.28,365.54,365.54,8734
TSLA,1789029900,365.82,365.9,365.59,365.72,2554
TSLA,1789030800,365.75,366.3,365.6,366.3,5283
TSLA,1789031700,366.14,366.75,365.93,366.38,3556
TSLA,1789032600,366.3,366.3,365.4,366.0,10378
TSLA,1789033500,365.81,366.3,365.81,366.19,4713
TSLA,1789034400,366.2,366.33,366.07,366.2,3248
TSLA,1789035300,366.15,366.45,365.96,366.0,5605
TSLA,1789036200,365.88,366.14,365.5,366.08,3947
TSLA,1789037100,366.2,366.42,365.57,365.94,5367
TSLA,1789038000,365.94,365.99,365.0,365.0,29944
TSLA,1789038900,365.15,365.28,364.5,365.0,35218
TSLA,1789039800,365.0,365.5,364.38,364.38,30573
TSLA,1789040700,364.38,364.65,362.89,363.01,75623
TSLA,1789041600,363.1,363.44,362.5,363.33,76521
TSLA,1789042500,363.29,363.31,362.7,363.2,52664
TSLA,1789043400,363.03,363.26,360.33,360.68,169747
TSLA,1789044300,360.68,360.91,360.1,360.15,115294
TSLA,1789045200,360.18,361.55,360.17,361.18,95756
TSLA,1789046100,361.16,361.56,359.44,360.56,121367
TSLA,1789047000,360.6,365.39,357.68,365.31,3317840
TSLA,1789047900,365.39,367.07,364.05,366.07,2361527
TSLA,1789048800,366.14,369.21,365.0,365.82,2166566
TSLA,1789049700,365.83,367.3,365.0,366.3,1191334
TSLA,1789050600,366.25,368.85,366.19,368.6,1345845
TSLA,1789051500,368.56,368.63,366.9,367.61,919707
TSLA,1789052400,367.6,367.63,365.36,366.4,1068253
TSLA,1789053300,366.4,366.85,365.23,366.16,713618
TSLA,1789054200,366.08,366.9,365.3,366.83,706826
TSLA,1789055100,366.83,367.0,365.63,366.8,1003557
TSLA,1789056000,366.75,366.95,366.08,366.29,516536
TSLA,1789056900,366.36,366.79,365.77,366.13,462563
TSLA,1789057800,366.1,366.78,365.31,366.78,558325
TSLA,1789058700,366.75,367.44,365.45,365.85,744947
TSLA,1789059600,365.91,366.46,365.64,366.13,522181
TSLA,1789060500,366.12,367.17,366.05,366.83,483631
TSLA,1789061400,366.86,367.86,366.0,367.38,847137
TSLA,1789062300,367.38,367.5,365.35,365.45,524667
TSLA,1789063200,365.45,366.05,364.88,365.6,627844
TSLA,1789064100,365.57,366.2,365.35,365.85,523036
TSLA,1789065000,365.82,366.1,365.43,366.05,399707
TSLA,1789065900,366.02,366.63,365.7,366.27,540357
TSLA,1789066800,366.27,366.48,364.52,364.82,904973
TSLA,1789067700,364.82,365.42,363.71,363.94,873787
TSLA,1789068600,363.96,364.49,363.46,363.83,736176
TSLA,1789069500,363.87,364.04,362.77,363.61,1660535
TSLA,1789070400,363.56,363.97,363.1,363.56,726522
TSLA,1789071300,363.56,364.04,363.52,363.81,36979
TSLA,1789072200,363.76,364.2,363.56,363.9,16704
TSLA,1789073100,363.92,363.92,363.63,363.67,12751
TSLA,1789074000,363.73,363.8,363.56,363.79,12164
TSLA,1789074900,363.71,363.79,363.7,363.7,3791
TSLA,1789075800,363.72,363.79,363.64,363.64,5914
TSLA,1789076700,363.72,363.75,363.61,363.73,4267
TSLA,1789077600,363.68,363.9,363.68,363.75,6497
TSLA,1789078500,363.8,363.8,363.59,363.6,5644
TSLA,1789079400,363.57,363.79,363.38,363.44,13353
TSLA,1789080300,363.46,363.6,363.4,363.44,11147
TSLA,1789081200,363.48,363.6,363.41,363.5,3309
TSLA,1789082100,363.52,363.52,363.3,363.38,14357
TSLA,1789083000,363.45,363.6,363.39,363.44,6013
TSLA,1789083900,363.46,363.6,363.4,363.42,16095
TSLA,1789113600,364.49,365.5,361.73,364.25,102206
TSLA,1789114500,364.42,365.03,364.28,364.51,15412
TSLA,1789115400,364.7,365.24,364.69,364.98,14268
TSLA,1789116300,365.02,365.2,364.9,365.09,7798
TSLA,1789117200,365.09,365.39,364.85,364.98,6783
TSLA,1789118100,364.97,365.16,364.8,364.8,4953
TSLA,1789119000,364.75,364.85,364.5,364.68,6741
TSLA,1789119900,364.61,365.11,364.5,365.1,6181
TSLA,1789120800,365.03,365.4,364.61,364.77,15218
TSLA,1789121700,364.77,365.0,364.6,364.69,9426
TSLA,1789122600,364.65,364.93,364.65,364.82,3116
TSLA,1789123500,364.79,364.95,364.65,364.88,5496
TSLA,1789124400,364.86,364.9,362.1,362.77,75829
TSLA,1789125300,362.81,363.19,361.85,362.39,46005
TSLA,1789126200,362.4,362.9,360.97,361.27,80023
TSLA,1789127100,361.22,361.75,360.16,361.63,66748
TSLA,1789128000,361.62,362.49,361.31,362.21,51337
TSLA,1789128900,362.11,363.98,362.0,363.65,100865
TSLA,1789129800,363.25,363.4,361.03,362.65,147529
TSLA,1789130700,362.52,364.97,362.0,364.9,132209
TSLA,1789131600,364.9,365.6,364.0,364.16,128649
TSLA,1789132500,364.15,364.3,363.22,364.2,101167
TSLA,1789133400,364.2,368.66,361.6,367.07,3314769
TSLA,1789134300,367.07,368.42,363.7,368.4,2774052
TSLA,1789135200,368.31,368.42,364.63,365.08,1711524
TSLA,1789136100,365.0,366.56,363.08,366.44,1787509
TSLA,1789137000,366.44,366.5,363.86,364.78,1168540
TSLA,1789137900,364.79,366.21,364.1,364.91,1097328
TSLA,1789138800,364.8,366.11,364.74,365.74,682339
TSLA,1789139700,365.77,367.23,365.11,366.33,1199300
TSLA,1789140600,366.23,366.34,365.4,365.5,531887
TSLA,1789141500,365.49,365.63,364.29,365.12,681327
TSLA,1789142400,365.18,366.59,364.9,365.07,798029
TSLA,1789143300,365.08,365.2,364.0,365.06,722114
TSLA,1789144200,365.07,365.81,364.42,365.38,642652
TSLA,1789145100,365.38,365.71,364.68,364.82,475085
TSLA,1789146000,364.87,365.5,364.53,365.37,402058
TSLA,1789146900,365.38,366.0,365.25,366.0,619699
TSLA,1789147800,366.0,366.55,365.19,365.37,801287
TSLA,1789148700,365.37,365.65,364.88,365.12,527150
TSLA,1789149600,365.12,365.38,364.68,365.33,487463
TSLA,1789150500,365.33,365.58,364.76,365.01,490855
TSLA,1789151400,365.06,365.25,364.4,364.65,470567
TSLA,1789152300,364.63,365.25,364.0,365.23,608967
TSLA,1789153200,365.21,365.39,364.2,365.02,708483
TSLA,1789154100,365.05,365.12,364.05,364.11,713442
TSLA,1789155000,364.11,366.5,364.09,366.06,983159
TSLA,1789155900,366.06,366.24,365.07,365.47,1750821
TSLA,1789156800,365.44,365.57,364.9,365.01,126634
TSLA,1789157700,365.0,365.09,364.96,365.09,22277
TSLA,1789158600,365.02,365.44,365.01,365.11,34170
TSLA,1789159500,365.15,365.21,365.09,365.16,7169
TSLA,1789160400,365.19,365.19,365.05,365.08,5972
TSLA,1789161300,365.15,365.15,364.68,364.79,54239
TSLA,1789162200,364.81,364.96,364.62,364.73,13305
TSLA,1789163100,364.7,364.85,364.6,364.75,7331
TSLA,1789164000,364.7,364.88,364.7,364.81,6734
TSLA,1789164900,364.8,364.95,364.74,364.93,4244
TSLA,1789165800,364.94,364.95,364.8,364.86,4709
TSLA,1789166700,364.86,364.97,364.8,364.92,7866
TSLA,1789167600,364.93,364.97,364.89,364.92,2987
TSLA,1789168500,364.93,364.93,364.82,364.82,4769
TSLA,1789169400,364.91,365.08,364.82,365.08,13779
TSLA,1789170300,365.08,365.25,365.0,365.25,21701
TSLA,1789372800,359.93,361.28,358.15,358.53,186213
TSLA,1789373700,358.6,358.77,358.06,358.06,26180
TSLA,1789374600,358.05,358.8,358.01,358.76,19374
TSLA,1789375500,358.74,358.77,358.05,358.56,12144
TSLA,1789376400,358.49,358.79,358.38,358.51,16650
TSLA,1789377300,358.61,358.61,357.52,358.0,26667
TSLA,1789378200,358.0,358.1,357.68,357.86,15023
TSLA,1789379100,357.84,358.41,357.8,358.12,11335
TSLA,1789380000,358.2,358.73,358.0,358.62,16603
TSLA,1789380900,358.7,359.3,358.4,359.19,27338
TSLA,1789381800,359.13,359.62,359.0,359.5,11440
TSLA,1789382700,359.51,360.0,359.37,359.73,14740
TSLA,1789383600,359.73,360.41,359.47,359.62,61595
TSLA,1789384500,359.7,360.96,359.6,360.82,48644
TSLA,1789385400,360.65,360.75,359.62,359.91,28914
TSLA,1789386300,359.73,359.95,359.3,359.5,61844
TSLA,1789387200,359.5,359.51,358.74,358.84,48950
TSLA,1789388100,358.85,358.96,358.61,358.93,40220
TSLA,1789389000,358.96,359.49,358.55,359.2,50639
TSLA,1789389900,359.51,359.51,358.7,359.11,34651
TSLA,1789390800,359.13,359.13,358.01,358.41,52702
TSLA,1789391700,358.49,359.97,358.0,359.65,108271
TSLA,1789392600,359.78,367.73,359.05,361.81,4049041
TSLA,1789393500,361.73,362.42,359.91,360.21,1771518
TSLA,1789394400,360.23,361.8,359.76,360.9,1322476
TSLA,1789395300,360.81,361.06,357.04,358.34,2285493
TSLA,1789396200,358.29,359.23,357.7,358.76,1340179
TSLA,1789397100,358.71,359.38,358.06,358.57,772201
TSLA,1789398000,358.61,359.8,358.4,359.43,856098
TSLA,1789398900,359.44,360.78,359.18,360.14,1024225
TSLA,1789399800,360.12,363.71,359.9,363.4,1722242
TSLA,1789400700,363.41,363.91,363.06,363.15,1125010
TSLA,1789401600,363.17,364.22,362.33,362.47,1069907
TSLA,1789402500,362.43,364.1,362.43,363.25,859354
TSLA,1789403400,363.29,363.35,362.2,362.3,552393
TSLA,1789404300,362.29,363.71,361.93,362.76,718676
TSLA,1789405200,362.77,363.11,362.38,362.67,418302
TSLA,1789406100,362.65,363.25,362.25,362.91,673182
TSLA,1789407000,362.86,363.03,362.25,362.6,542797
TSLA,1789407900,362.63,362.72,362.09,362.27,384318
TSLA,1789408800,362.26,362.51,361.27,361.45,533130
TSLA,1789409700,361.44,361.47,360.84,361.1,734090
TSLA,1789410600,361.08,361.23,360.64,360.89,447879
TSLA,1789411500,360.85,361.14,360.62,360.85,437399
TSLA,1789412400,360.83,361.07,359.65,359.7,744201
TSLA,1789413300,359.7,360.49,359.37,360.31,853578
TSLA,1789414200,360.3,360.64,360.06,360.39,782630
TSLA,1789415100,360.37,360.5,358.53,358.97,2117397
TSLA,1789416000,359.08,359.14,358.5,359.1,456656
TSLA,1789416900,359.06,359.3,358.92,359.27,50848
TSLA,1789417800,359.25,359.69,358.97,359.43,36321
TSLA,1789418700,359.46,359.6,359.4,359.5,13765
TSLA,1789419600,359.54,359.6,359.47,359.5,15489
TSLA,1789420500,359.45,359.59,359.35,359.54,7332
TSLA,1789421400,359.56,359.56,359.45,359.53,2924
TSLA,1789422300,359.54,359.86,359.45,359.81,15087
TSLA,1789423200,359.85,359.88,359.65,359.71,11208
TSLA,1789424100,359.72,359.83,359.6,359.8,11042
TSLA,1789425000,359.8,359.8,359.7,359.7,5272
TSLA,1789425900,359.71,359.88,359.71,359.84,9124
TSLA,1789426800,359.8,359.84,359.7,359.7,5228
TSLA,1789427700,359.65,359.79,359.65,359.76,6374
TSLA,1789428600,359.75,359.89,359.72,359.73,14472
TSLA,1789429500,359.7,359.89,359.65,359.89,16316
TSLA,1789459200,358.77,360.21,356.69,357.0,109722
TSLA,1789460100,357.0,357.58,356.87,357.22,10961
TSLA,1789461000,357.36,357.51,357.0,357.5,9783
TSLA,1789461900,357.5,357.5,357.2,357.3,5915
TSLA,1789462800,357.46,357.52,357.15,357.44,2315
TSLA,1789463700,357.38,357.38,356.66,357.11,11592
TSLA,1789464600,357.02,357.99,357.0,357.88,7426
TSLA,1789465500,357.9,358.35,357.4,358.0,13035
TSLA,1789466400,358.1,358.6,358.07,358.1,7186
TSLA,1789467300,358.15,358.25,357.96,358.06,8839
TSLA,1789468200,358.1,358.45,358.1,358.38,7632
TSLA,1789469100,358.38,358.8,358.22,358.78,10835
TSLA,1789470000,358.8,359.65,358.73,359.32,38103
TSLA,1789470900,359.3,359.35,358.5,358.53,32548
TSLA,1789471800,358.85,358.85,358.13,358.36,20370
TSLA,1789472700,358.36,358.97,358.24,358.65,24789
TSLA,1789473600,358.79,359.5,358.51,359.37,25798
TSLA,1789474500,359.21,359.35,358.5,359.1,26881
TSLA,1789475400,359.0,359.1,358.56,358.79,20942
TSLA,1789476300,358.66,359.38,358.03,358.43,53061
TSLA,1789477200,358.5,359.38,358.4,359.3,35417
TSLA,1789478100,359.26,359.34,358.13,358.7,41540
TSLA,1789479000,358.75,362.11,354.63,361.05,3558389
TSLA,1789479900,361.08,362.0,358.63,359.15,1762199
TSLA,1789480800,359.1,360.19,358.16,359.07,1076643
TSLA,1789481700,359.05,359.96,358.67,359.29,748464
TSLA,1789482600,359.25,359.29,357.63,357.78,813084
TSLA,1789483500,357.71,358.42,355.88,357.61,1121633
TSLA,1789484400,357.56,359.98,357.55,359.18,1085664
TSLA,1789485300,359.12,361.95,358.85,360.84,1591648
TSLA,1789486200,360.93,361.14,359.62,360.74,772501
TSLA,1789487100,360.6,362.39,360.23,361.12,1165065
TSLA,1789488000,361.14,361.98,360.62,360.82,717420
TSLA,1789488900,360.82,361.25,359.89,361.16,626876
TSLA,1789489800,361.16,361.72,359.8,360.12,1277745
TSLA,1789490700,360.06,361.54,358.88,360.5,1047649
TSLA,1789491600,360.55,360.55,358.65,359.45,772223
TSLA,1789492500,359.45,360.3,358.85,359.13,524096
TSLA,1789493400,359.05,359.38,355.16,357.36,1830367
TSLA,1789494300,357.34,357.7,356.28,357.38,648585
TSLA,1789495200,357.38,358.11,356.8,357.41,634485
TSLA,1789496100,357.42,358.2,357.17,358.0,467824
TSLA,1789497000,358.04,358.08,356.88,357.16,414637
TSLA,1789497900,357.08,357.59,356.38,357.25,449801
TSLA,1789498800,357.25,357.39,355.9,356.29,498292
TSLA,1789499700,356.25,356.69,355.6,355.96,567954
TSLA,1789500600,355.93,356.02,354.05,355.15,1233776
TSLA,1789501500,355.13,356.76,354.4,356.64,1824248
TSLA,1789502400,356.58,357.4,356.0,356.74,222171
TSLA,1789503300,356.52,356.7,356.49,356.58,19691
TSLA,1789504200,356.58,356.88,356.58,356.62,15358
TSLA,1789505100,356.7,356.7,356.58,356.59,8088
TSLA,1789506000,356.59,356.68,356.24,356.25,12946
TSLA,1789506900,356.2,356.2,355.77,355.78,12836
TSLA,1789507800,355.8,355.99,355.57,355.77,12508
TSLA,1789508700,355.8,355.8,355.59,355.7,8419
TSLA,1789509600,355.73,356.1,355.73,355.74,8198
TSLA,1789510500,355.7,356.0,355.7,356.0,7401
TSLA,1789511400,356.05,356.38,356.05,356.23,4119
TSLA,1789512300,356.2,356.25,356.2,356.2,8662
TSLA,1789513200,356.2,356.23,356.03,356.1,2934
TSLA,1789514100,356.02,356.14,355.8,355.88,5421
TSLA,1789515000,355.85,356.0,355.8,356.0,4668
TSLA,1789515900,356.0,356.0,355.75,355.85,9446
